"wt","age","afb"
5.087433,38,15
5.087433,42,24
5.087433,46,21
5.087433,17,Inf
5.087433,27,18
5.087433,34,21
5.087433,25,Inf
5.087433,42,22
5.087433,39,21
0.461695,20,15
0.461695,22,21
0.461695,30,18
0.461695,21,19
0.461695,29,16
0.461695,16,16
2.150055,26,14
2.150055,30,20
2.150055,27,18
2.150055,27,16
2.150055,28,19
2.150055,40,23
2.150055,33,16
2.150055,32,13
2.150055,20,Inf
2.150055,27,16
2.150055,19,Inf
2.150055,27,26
2.150055,30,19
2.150055,40,15
2.150055,32,21
2.150055,27,21
2.150055,27,19
0.07885,25,20
0.07885,20,19
0.067744,18,Inf
0.067744,36,19
0.067744,28,16
0.067744,30,16
0.067744,33,24
0.067744,30,18
0.067744,29,18
0.067744,36,22
0.166429,30,14
0.166429,24,20
0.166429,19,16
0.166429,23,18
0.166429,32,23
0.166429,28,17
0.166429,24,19
0.166429,40,21
0.166429,18,17
0.166429,42,Inf
0.415601,39,21
0.415601,21,15
0.415601,28,16
0.415601,42,24
0.415601,33,20
0.415601,41,16
0.263005,29,18
0.263005,29,24
0.263005,30,23
0.263005,20,16
0.263005,39,17
0.263005,35,19
0.263005,28,19
0.263005,30,14
0.263005,30,16
0.263005,20,Inf
0.263005,17,Inf
0.263005,20,17
0.263005,30,18
0.263005,25,21
0.273461,25,12
0.273461,20,18
0.273461,24,20
0.273461,27,17
0.273461,42,20
0.273461,25,15
2.092998,32,15
2.092998,21,20
2.092998,26,12
2.092998,30,19
2.092998,40,14
2.092998,21,Inf
2.092998,23,18
2.092998,37,20
2.092998,33,15
2.092998,31,14
2.092998,37,19
0.462503,33,22
0.462503,24,23
0.462503,24,19
0.462503,28,Inf
0.462503,25,21
0.462503,37,30
0.462503,41,16
0.462503,32,17
0.462503,41,36
0.462503,23,Inf
0.462503,25,24
2.069881,38,19
2.069881,40,17
2.069881,42,17
2.069881,34,19
2.069881,32,18
2.069881,32,18
2.069881,28,21
2.069881,38,16
2.069881,35,22
2.069881,22,17
2.069881,20,20
2.069881,35,14
2.069881,39,20
2.069881,27,19
2.069881,28,16
2.069881,29,16
2.069881,30,14
2.069881,24,16
2.069881,48,23
2.069881,25,16
2.069881,28,17
0.054345,40,17
0.054345,48,16
0.054345,48,16
0.054345,25,17
1.402739,27,13
1.402739,32,26
1.402739,25,17
1.402739,35,17
1.402739,32,24
1.402739,22,21
1.402739,21,21
1.402739,28,25
1.402739,27,21
1.402739,22,20
0.556598,38,29
0.556598,35,34
0.556598,40,14
0.556598,20,Inf
0.134889,48,17
0.134889,25,16
0.134889,35,21
0.134889,30,16
0.134889,38,20
0.134889,28,17
0.170374,28,Inf
0.170374,34,17
0.170374,28,19
0.170374,30,22
0.170374,30,20
0.170374,25,13
0.170374,23,Inf
0.170374,20,Inf
1.109392,25,16
1.109392,33,15
1.109392,41,16
1.109392,27,20
1.109392,43,Inf
1.109392,26,18
1.109392,25,Inf
1.109392,28,24
1.109392,34,20
0.418612,26,23
0.418612,23,Inf
0.418612,28,24
0.418612,48,33
0.418612,24,23
0.418612,30,Inf
0.418612,35,22
0.418612,30,29
0.418612,26,Inf
1.688765,48,25
1.688765,35,18
1.688765,25,15
1.688765,23,16
1.688765,36,21
1.688765,23,Inf
1.688765,40,20
1.688765,35,17
1.688765,25,17
2.004397,25,17
2.004397,42,20
2.004397,25,19
2.004397,26,15
2.004397,30,17
2.004397,42,25
2.004397,27,15
2.004397,43,16
2.004397,40,17
2.004397,20,19
2.004397,29,16
2.004397,18,Inf
2.004397,35,20
0.340149,35,21
0.340149,20,15
0.340149,19,17
0.340149,34,18
0.340149,40,22
0.340149,32,20
0.340149,30,20
0.340149,25,20
0.340149,42,27
0.340149,31,14
0.340149,24,20
2.354972,33,19
2.354972,26,17
2.354972,31,17
2.354972,44,21
2.354972,18,17
2.354972,24,18
2.354972,28,17
2.354972,38,16
2.354972,33,18
2.354972,29,18
2.354972,34,15
2.354972,35,20
2.354972,44,16
2.209779,45,23
2.209779,19,Inf
2.209779,38,19
2.209779,29,18
2.209779,38,19
2.209779,34,16
2.209779,44,13
2.209779,37,14
2.209779,25,Inf
0.111757,41,24
0.111757,24,21
0.111757,18,Inf
0.111757,18,Inf
0.111757,23,20
0.111757,20,Inf
2.94439,36,19
2.94439,39,18
2.94439,30,17
2.94439,27,18
2.94439,22,20
2.94439,24,20
2.94439,25,18
2.94439,20,20
2.94439,28,18
2.94439,36,15
2.94439,26,18
0.059856,25,18
0.059856,26,18
0.059856,25,25
0.059856,40,20
0.059856,32,26
0.059856,36,21
0.059856,25,18
0.020709,21,16
0.020709,24,22
0.020709,33,24
0.052982,29,15
0.052982,30,17
0.052982,38,21
0.071959,35,24
0.071959,20,20
0.071959,43,17
0.071959,48,20
0.071959,24,15
0.071959,33,16
0.071959,28,18
0.071959,40,24
0.071959,28,15
0.071959,48,17
0.071959,26,17
0.071959,23,18
0.071959,35,15
0.071959,35,20
0.071959,39,15
0.071959,25,17
0.5601,35,32
0.5601,41,22
0.5601,37,20
0.5601,28,22
0.5601,25,21
0.5601,39,14
2.112978,23,16
2.112978,32,24
2.112978,20,18
2.112978,29,16
2.112978,24,Inf
2.112978,19,18
2.112978,37,22
0.223651,38,21
0.223651,25,22
0.223651,36,25
0.223651,30,18
0.223651,39,18
0.223651,28,17
0.223651,30,20
0.223651,30,20
1.59974,24,17
1.59974,19,18
1.59974,28,25
1.59974,15,Inf
1.59974,22,19
1.59974,31,19
1.59974,20,20
1.59974,21,19
1.59974,25,17
1.59974,41,16
1.59974,39,16
1.59974,40,15
1.59974,43,17
1.59974,23,Inf
1.59974,28,17
1.59974,31,20
1.59974,20,Inf
1.59974,39,20
0.140961,26,19
0.140961,30,17
0.140961,30,24
0.140961,38,21
0.140961,32,24
0.140961,46,18
0.140961,29,17
0.140961,28,20
0.140961,38,17
0.140961,22,19
0.140961,28,19
0.140961,35,17
0.140961,20,20
0.140961,23,20
0.140961,38,19
0.097632,29,15
0.097632,40,15
0.097632,40,14
0.097632,36,24
0.097632,35,19
0.097632,21,20
0.097632,30,14
0.097632,45,22
0.097632,39,17
0.097632,45,19
0.097632,22,19
0.097632,40,19
0.097632,25,17
0.097632,34,17
0.070855,25,20
0.070855,24,21
0.070855,37,25
0.070855,40,20
0.070855,25,22
0.070855,31,19
0.070855,30,12
0.070855,22,19
0.070855,27,17
0.070855,47,16
1.89678,40,18
1.89678,31,21
1.89678,20,18
1.89678,38,23
1.89678,45,14
1.89678,39,16
1.89678,41,17
1.89678,25,23
1.89678,46,17
1.89678,20,17
1.89678,25,15
1.89678,33,19
1.89678,25,18
0.026589,32,17
2.532077,34,13
2.532077,28,16
2.532077,33,Inf
2.532077,32,17
2.532077,40,24
2.532077,21,18
2.532077,36,21
2.532077,25,14
2.532077,25,13
2.532077,41,16
2.532077,30,15
2.532077,28,18
2.532077,21,17
2.532077,38,17
2.532077,35,14
2.532077,39,19
1.737402,39,19
1.737402,28,17
1.737402,29,15
1.737402,31,24
1.737402,28,17
1.737402,24,22
1.737402,36,20
1.737402,38,18
1.737402,25,19
2.885775,30,22
2.885775,23,17
2.885775,40,20
2.885775,22,21
2.885775,36,22
2.885775,37,13
2.885775,25,17
2.885775,28,15
2.885775,20,16
2.885775,37,19
2.885775,37,18
0.195201,34,22
0.195201,20,Inf
0.195201,35,18
0.195201,19,Inf
0.195201,33,Inf
0.195201,26,16
0.195201,19,17
0.195201,23,21
0.195201,41,16
0.040918,34,22
0.040918,23,22
0.040918,40,22
0.604337,36,21
0.604337,47,23
0.604337,32,20
0.604337,46,20
0.604337,49,19
0.604337,38,19
0.604337,35,16
0.604337,26,26
0.604337,19,19
0.604337,26,23
0.037168,27,19
0.037168,37,23
0.037168,26,16
0.037168,25,16
0.037168,38,23
0.037168,24,18
0.037168,24,13
0.037168,19,Inf
0.037168,36,19
0.037168,25,12
0.037168,17,Inf
0.037168,35,16
0.037168,30,18
0.055984,40,Inf
0.055984,40,15
0.055984,40,20
0.117169,40,Inf
0.117169,32,24
0.117169,26,18
0.117169,32,29
0.117169,34,19
0.145599,35,23
0.145599,34,17
0.145599,40,12
1.438423,34,16
1.438423,22,16
1.438423,28,21
1.438423,34,19
1.438423,25,21
1.438423,26,22
1.438423,27,17
1.438423,29,13
1.438423,28,18
1.438423,25,18
1.438423,28,19
1.438423,35,23
1.438423,35,16
1.438423,18,Inf
0.190131,25,13
0.190131,32,23
0.190131,35,16
0.190131,23,Inf
0.190131,19,14
0.190131,38,19
0.190131,25,16
0.190131,32,17
0.190131,30,19
0.190131,34,15
0.190131,31,21
0.190131,29,20
3.328477,23,19
3.328477,22,19
3.328477,21,20
3.328477,16,15
3.328477,43,18
3.328477,27,16
3.328477,26,19
3.328477,21,16
3.328477,39,25
3.328477,29,17
3.328477,21,21
3.328477,26,21
3.328477,21,17
3.328477,20,Inf
3.328477,18,17
3.328477,29,19
3.328477,21,14
1.938935,27,24
1.938935,40,18
1.938935,19,Inf
1.938935,26,21
1.615517,29,15
1.615517,24,15
1.615517,22,15
1.615517,30,16
1.615517,26,16
1.615517,46,15
1.615517,26,15
1.615517,25,15
1.615517,30,14
1.615517,28,15
1.615517,48,20
1.615517,32,14
1.615517,37,15
1.615517,25,17
1.615517,38,11
1.615517,21,20
0.014567,25,14
0.014567,29,16
0.014567,43,19
0.014567,28,18
0.014567,30,25
0.014567,42,16
0.042222,22,Inf
0.042222,25,Inf
0.042222,39,20
0.335768,45,25
0.335768,28,16
0.335768,41,19
0.335768,30,21
0.335768,30,18
0.335768,22,Inf
0.335768,20,19
0.335768,40,32
0.037058,31,Inf
0.037058,22,Inf
0.037058,35,26
0.037058,25,Inf
0.037058,26,19
0.037058,39,21
0.349625,26,25
0.349625,33,30
0.349625,28,27
0.349625,34,Inf
0.349625,28,14
0.349625,18,Inf
0.349625,24,16
0.048692,20,19
0.048692,46,22
0.048692,26,21
0.048692,25,Inf
0.048692,28,18
0.048692,28,27
0.596064,47,16
0.596064,23,Inf
0.596064,30,18
0.596064,41,14
0.596064,45,30
0.596064,35,30
0.596064,27,21
0.596064,26,Inf
0.596064,40,19
0.596064,19,Inf
2.805615,35,19
2.805615,28,19
2.805615,26,20
2.805615,40,15
2.805615,33,17
2.805615,20,18
2.805615,49,25
2.805615,47,17
2.805615,25,18
2.805615,19,16
2.805615,32,16
2.805615,27,20
2.805615,31,19
2.805615,36,18
2.805615,45,28
2.805615,37,17
2.805615,46,18
2.805615,28,25
2.805615,30,19
2.805615,30,18
2.805615,22,16
0.040995,23,21
0.040995,27,24
0.040995,25,23
0.040995,37,28
0.171758,35,15
0.171758,35,28
0.171758,40,16
0.171758,25,25
0.171758,40,29
0.171758,38,27
0.145815,36,22
0.145815,21,17
0.145815,25,17
0.145815,23,18
0.145815,40,15
0.145815,28,14
0.145815,42,20
2.629856,45,17
2.629856,36,15
2.629856,34,28
2.629856,27,23
2.629856,25,17
2.629856,38,19
2.629856,30,16
2.629856,35,17
2.629856,33,17
2.629856,30,19
2.629856,34,23
2.629856,18,Inf
2.629856,40,25
2.629856,26,16
2.629856,22,19
0.041074,20,15
0.041074,40,14
0.041074,23,15
0.041074,45,15
0.041074,25,16
0.041074,45,19
0.041074,25,17
0.041074,26,14
0.009276,35,14
0.009276,26,17
0.009276,45,20
0.009276,24,19
0.262246,30,19
0.262246,22,Inf
0.262246,21,21
0.262246,36,Inf
0.262246,40,18
0.262246,26,19
0.16504,20,17
0.16504,30,25
0.16504,30,18
0.16504,28,23
0.298744,34,26
0.298744,33,17
0.298744,28,18
2.35293,27,22
2.35293,21,19
2.35293,25,15
2.35293,35,29
2.35293,30,20
2.35293,27,Inf
0.070002,26,21
0.070002,34,31
0.070002,30,22
0.070002,25,23
0.070002,28,23
0.070002,32,22
0.119701,25,17
0.119701,25,22
0.119701,20,Inf
0.119701,24,18
0.119701,29,17
1.605871,30,20
1.605871,25,16
1.605871,42,21
1.605871,40,16
1.605871,18,18
1.605871,41,17
1.605871,40,23
1.605871,42,25
1.605871,39,20
1.605871,36,17
1.605871,41,16
1.605871,40,22
1.605871,37,14
1.605871,42,17
0.105286,40,23
0.105286,38,24
0.105286,40,24
0.645477,26,25
0.645477,34,21
0.645477,36,19
0.645477,46,18
0.645477,27,17
0.645477,42,20
0.645477,28,28
0.645477,24,23
0.645477,44,18
0.645477,17,17
0.645477,35,16
0.645477,23,16
0.512367,47,16
0.512367,26,16
0.512367,24,19
0.512367,48,19
0.512367,18,17
0.512367,28,18
0.512367,20,17
0.512367,29,15
0.512367,22,14
0.512367,32,18
0.512367,28,20
0.512367,31,17
0.512367,19,17
1.813932,35,16
1.813932,40,13
1.813932,48,15
1.813932,28,21
1.813932,18,Inf
1.813932,27,18
1.813932,19,Inf
1.813932,38,20
1.813932,17,Inf
1.813932,40,14
1.813932,18,Inf
0.754952,28,21
0.754952,35,24
0.754952,26,18
0.754952,47,17
0.754952,19,19
0.754952,33,19
0.754952,31,27
0.754952,34,25
0.754952,38,21
0.754952,47,16
0.754952,49,24
0.194855,22,19
0.194855,30,13
0.194855,27,17
0.194855,20,16
0.194855,22,17
0.194855,32,19
0.55862,28,20
0.55862,37,31
0.55862,28,21
0.55862,40,21
0.740625,34,Inf
0.740625,34,24
0.740625,31,20
0.740625,27,26
0.911342,30,18
0.911342,30,27
0.911342,35,19
0.911342,30,17
0.911342,25,19
0.911342,26,16
0.911342,25,19
1.93796,39,17
1.93796,27,20
1.93796,40,16
1.93796,18,Inf
1.93796,22,18
1.700023,30,18
1.700023,47,24
1.700023,31,19
1.700023,30,17
1.700023,38,20
1.700023,40,21
1.700023,26,19
1.700023,27,22
1.700023,21,16
1.700023,22,16
1.700023,47,21
1.700023,33,15
1.700023,48,16
1.700023,32,18
1.700023,23,19
1.700023,34,19
1.700023,36,21
1.700023,28,19
0.262621,22,17
0.262621,22,18
0.262621,30,17
0.262621,32,13
0.262621,20,19
0.262621,25,23
0.262621,47,21
0.262621,24,20
0.262621,35,13
0.262621,26,21
0.262621,19,Inf
0.262621,35,22
0.262621,30,17
0.262621,31,16
0.262621,22,19
0.262621,20,19
0.262621,25,15
0.262621,21,20
0.262621,28,Inf
0.669616,39,21
0.669616,35,18
0.669616,23,22
0.669616,35,18
0.669616,29,16
0.669616,20,20
0.669616,28,21
0.669616,36,18
0.669616,37,18
0.669616,40,16
0.382735,20,Inf
0.382735,21,Inf
0.382735,42,17
0.382735,22,Inf
0.382735,40,20
0.382735,36,25
0.382735,32,27
0.382735,18,17
0.382735,27,18
0.382735,48,30
0.382735,26,Inf
0.463867,24,20
0.463867,40,14
0.28249,27,14
0.28249,38,18
0.28249,35,21
0.28249,21,18
0.28249,19,17
0.28249,27,18
0.28249,22,17
3.024497,28,18
3.024497,30,17
3.024497,18,15
3.024497,25,16
3.024497,29,18
3.024497,20,15
3.024497,18,15
3.024497,22,Inf
3.024497,30,20
3.024497,20,18
3.024497,25,16
3.024497,25,21
0.703478,32,28
0.703478,26,26
0.703478,25,25
0.703478,35,18
0.703478,31,18
0.703478,40,14
0.703478,31,18
0.703478,21,Inf
0.296928,39,29
0.296928,20,17
0.296928,22,17
0.333797,30,18
0.333797,46,15
0.333797,27,20
0.333797,30,19
0.333797,36,20
0.333797,36,18
0.607506,32,17
0.607506,22,17
0.607506,20,18
0.607506,24,18
0.547941,29,13
0.547941,35,16
0.547941,21,20
0.547941,36,19
0.547941,30,20
0.547941,47,18
0.547941,27,20
0.547941,30,19
0.547941,34,23
0.547941,34,18
0.547941,41,17
0.547941,40,17
0.547941,30,15
0.547941,30,20
0.51122,33,20
0.51122,46,16
0.51122,35,17
0.51122,40,23
0.51122,32,16
0.51122,40,17
0.51122,39,19
0.51122,44,19
0.51122,35,16
0.51122,28,15
0.527982,38,14
0.527982,29,17
0.527982,36,18
0.527982,39,17
0.527982,25,19
0.096499,32,13
0.096499,21,Inf
0.096499,47,20
0.096499,29,Inf
0.096499,34,Inf
0.096499,33,33
0.096499,25,Inf
0.096499,48,19
0.096499,22,Inf
0.096499,26,16
0.096499,42,14
0.058475,22,20
0.058475,27,21
0.460206,34,21
0.460206,39,16
0.460206,26,25
0.460206,41,18
0.013138,28,17
0.013138,26,18
0.013138,35,19
0.013138,30,18
0.02789,35,16
0.02789,42,17
0.02789,21,16
0.02789,31,16
0.02789,42,13
0.02562,26,22
0.02562,30,17
0.02562,29,19
0.02562,45,19
0.02562,38,20
0.02562,37,17
0.02562,37,18
0.406922,30,22
0.406922,36,24
0.406922,34,16
0.406922,30,21
0.447048,32,22
0.447048,29,Inf
0.447048,38,32
0.447048,22,Inf
0.447048,23,21
0.447048,24,16
0.447048,35,24
2.052672,33,23
2.052672,30,20
2.052672,35,18
2.052672,33,18
2.052672,47,15
2.052672,35,17
2.052672,30,16
2.052672,32,13
2.052672,30,16
2.052672,33,15
2.052672,33,32
2.052672,35,18
0.672066,30,20
0.672066,32,26
0.672066,40,20
0.672066,41,21
0.672066,21,20
0.672066,23,Inf
0.672066,30,20
0.672066,32,27
0.672066,26,21
0.672066,41,27
0.059867,30,22
0.059867,24,Inf
0.059867,40,25
0.059867,38,21
0.059867,25,15
0.545426,34,19
0.545426,39,23
0.545426,48,20
0.545426,40,15
0.545426,30,Inf
0.545426,43,31
0.545426,24,24
0.545426,32,Inf
0.545426,32,31
0.545426,19,19
0.545426,42,17
0.545426,28,25
0.545426,43,33
0.545426,33,26
1.541839,22,19
1.541839,32,16
1.541839,39,25
1.541839,38,18
1.541839,38,25
1.541839,20,18
1.541839,48,20
1.541839,41,17
1.541839,25,21
1.541839,27,20
1.541839,36,20
1.541839,39,34
1.541839,32,18
0.05212,20,16
0.05212,40,19
0.05212,23,16
0.05212,30,15
0.04404,23,21
0.04404,26,21
0.04404,26,Inf
0.311202,25,20
0.311202,28,16
0.311202,23,16
0.311202,22,17
0.311202,22,18
0.311202,28,17
0.311202,30,17
0.311202,39,21
0.311202,26,19
0.311202,40,20
0.311202,35,19
0.311202,20,19
0.311202,40,20
0.095886,49,16
0.095886,32,17
0.095886,29,19
0.095886,30,13
0.095886,30,19
3.112172,48,Inf
3.112172,31,17
3.112172,28,20
3.112172,30,20
3.112172,49,15
3.112172,36,20
3.112172,23,18
3.112172,23,22
3.112172,48,16
3.112172,29,16
3.112172,31,19
1.835395,30,15
1.835395,45,24
1.835395,40,15
1.835395,28,19
1.835395,20,Inf
1.835395,45,19
1.835395,42,18
1.835395,39,23
2.0582,41,16
2.0582,26,22
2.0582,46,17
2.0582,29,17
2.0582,35,17
2.0582,24,22
2.0582,39,15
2.0582,41,15
2.0582,30,16
2.0582,30,15
2.0582,28,16
2.0582,26,25
2.0582,33,15
2.0582,38,19
2.0582,36,17
2.0582,20,Inf
2.107266,28,15
2.107266,30,16
2.107266,27,20
2.107266,33,26
2.107266,24,18
2.107266,26,20
2.107266,47,18
2.107266,34,17
2.107266,47,20
2.107266,33,28
2.107266,28,21
2.107266,37,18
2.107266,27,18
2.107266,35,19
2.899588,24,19
2.899588,19,17
2.899588,18,Inf
2.899588,25,21
2.899588,34,18
2.899588,20,17
2.899588,22,Inf
2.899588,32,19
2.899588,38,15
2.899588,22,20
2.899588,22,14
2.899588,30,15
2.899588,28,17
2.899588,25,18
2.899588,20,17
2.899588,20,Inf
2.899588,20,16
2.899588,19,Inf
3.087713,20,17
3.087713,26,23
3.087713,31,19
3.087713,42,14
3.087713,30,16
3.087713,25,21
3.087713,36,17
3.087713,37,18
3.087713,40,15
3.087713,33,15
3.087713,25,21
3.087713,26,24
3.087713,25,18
3.087713,25,22
3.087713,34,19
0.098954,28,16
0.098954,36,17
0.098954,18,17
0.098954,47,16
0.098954,25,20
0.098954,42,20
0.098954,35,20
0.098954,30,26
0.098954,25,18
0.098954,35,21
0.098954,26,17
0.098954,24,19
0.098954,30,16
0.098954,37,19
0.098954,45,19
0.098954,20,20
0.098954,19,18
3.825025,28,20
3.825025,25,21
3.825025,37,20
3.825025,26,Inf
3.825025,40,12
3.825025,35,21
3.825025,32,21
3.825025,42,31
2.004016,28,15
2.004016,30,14
2.004016,38,16
2.004016,29,27
2.004016,25,15
2.004016,35,24
2.004016,25,23
2.004016,17,15
2.004016,36,20
2.004016,28,21
2.004016,24,19
2.004016,39,Inf
2.004016,47,17
2.004016,29,15
0.212444,25,22
0.212444,35,17
0.212444,24,15
0.212444,40,16
0.212444,37,17
0.212444,22,17
0.48466,29,19
0.48466,42,15
0.48466,39,18
0.48466,25,15
0.48466,28,15
0.48466,36,22
0.48466,46,15
0.48466,39,19
0.48466,20,18
0.48466,25,18
0.48466,28,20
0.48466,35,20
0.48466,28,19
0.48466,27,14
0.543422,37,18
0.543422,35,22
0.543422,36,23
0.543422,37,23
0.543422,42,16
0.543422,26,19
0.543422,21,21
0.543422,18,18
0.543422,39,13
0.543422,24,19
0.543422,44,18
0.126382,46,15
0.126382,39,13
0.126382,18,17
0.126382,22,Inf
0.126382,48,15
0.126382,40,17
0.126382,40,14
0.126382,34,15
0.126382,18,16
3.079487,20,Inf
3.079487,29,18
3.079487,24,16
3.079487,22,18
3.079487,32,23
3.079487,44,19
3.079487,17,17
3.079487,21,16
3.079487,34,15
3.079487,32,20
3.079487,27,17
3.079487,24,19
3.079487,22,18
3.079487,20,17
1.9552,35,17
1.9552,39,24
1.9552,31,21
1.9552,36,21
1.9552,48,22
1.9552,47,18
1.9552,33,16
1.9552,38,21
1.9552,37,18
1.9552,41,22
1.9552,41,22
1.9552,30,17
1.9552,32,18
1.9552,21,Inf
0.058698,18,18
0.058698,28,13
0.058698,28,21
0.058698,49,Inf
0.058698,19,17
0.135795,28,19
0.135795,23,16
0.135795,20,16
0.135795,31,20
0.135795,22,16
0.135795,40,22
0.094466,31,16
0.094466,24,16
0.094466,20,15
0.094466,26,20
0.094466,20,Inf
0.094466,21,16
0.094466,23,21
0.094466,20,19
0.094466,25,15
0.795658,19,16
0.795658,31,18
0.795658,21,21
0.795658,21,18
0.085183,35,16
0.085183,38,17
0.085183,42,16
0.085183,30,19
0.085183,35,15
0.085183,24,22
0.085183,24,21
0.290046,24,15
0.290046,23,15
0.290046,30,15
0.290046,20,Inf
0.290046,41,31
0.290046,25,14
0.290046,18,Inf
0.290046,29,19
2.803325,30,16
2.803325,19,19
2.803325,38,16
2.803325,18,Inf
2.803325,28,20
2.803325,21,20
2.803325,44,17
2.803325,28,17
2.803325,36,19
2.803325,27,16
2.803325,19,Inf
2.803325,27,19
2.803325,38,16
0.082592,29,Inf
0.082592,22,20
0.082592,37,21
0.082592,26,24
0.082592,47,18
0.082592,42,26
0.082592,44,19
0.082592,44,22
0.082592,18,Inf
1.646605,30,20
1.646605,33,15
1.646605,29,19
1.646605,28,20
1.646605,30,17
1.646605,28,17
1.646605,25,17
1.646605,21,14
1.646605,34,19
1.646605,46,18
1.646605,18,Inf
1.646605,20,18
1.646605,21,20
2.253767,33,19
2.253767,40,19
2.253767,36,22
2.253767,29,14
2.253767,28,21
2.253767,39,22
2.253767,30,18
2.253767,31,16
2.253767,20,Inf
2.253767,25,18
2.253767,32,18
0.153812,39,18
0.153812,32,Inf
0.153812,20,16
0.153812,36,17
0.153812,35,25
0.153812,30,18
0.153812,25,21
0.363043,48,30
0.363043,44,21
0.363043,38,17
0.363043,22,Inf
0.571531,24,Inf
0.571531,35,Inf
0.571531,41,19
0.571531,42,17
0.571531,43,30
0.571531,31,25
0.571531,45,18
0.571531,37,31
0.19003,35,18
0.19003,38,21
0.19003,27,15
0.19003,30,18
0.19003,29,25
2.328622,30,21
2.328622,25,17
2.328622,24,24
2.328622,27,27
1.971435,25,19
1.971435,29,19
1.971435,25,25
1.971435,24,18
1.971435,24,20
1.971435,22,19
1.971435,43,16
1.971435,41,15
1.971435,45,26
1.971435,46,18
1.971435,44,19
1.971435,39,15
1.971435,20,18
1.971435,42,19
1.971435,27,17
1.971435,34,17
3.651279,25,24
3.651279,15,Inf
0.108112,28,15
0.108112,39,20
0.108112,25,15
0.108112,20,Inf
0.108112,25,19
0.108112,36,17
0.108112,42,16
0.108112,20,19
0.108112,30,19
0.108112,28,16
0.108112,25,12
0.108112,24,22
0.108112,34,14
0.108112,29,22
0.062169,20,Inf
0.062169,25,24
2.410545,30,18
2.410545,29,19
2.410545,22,16
2.410545,19,15
2.410545,39,12
2.410545,45,16
2.410545,41,16
2.410545,35,15
2.410545,25,17
2.410545,21,15
2.410545,32,16
2.410545,32,Inf
2.410545,25,20
2.410545,46,18
2.410545,16,Inf
2.410545,20,17
2.410545,29,19
2.410545,31,19
0.459105,24,23
0.459105,24,22
0.459105,33,26
0.459105,18,16
0.459105,23,Inf
0.601665,31,18
0.601665,36,23
0.601665,30,25
0.601665,23,21
0.601665,23,16
0.601665,40,16
0.601665,25,24
0.601665,22,13
0.601665,16,Inf
0.601665,20,20
0.601665,20,Inf
0.601665,38,14
0.509047,23,Inf
0.509047,31,21
0.509047,22,Inf
0.509047,28,26
0.509047,41,20
0.509047,33,19
0.509047,32,19
0.559356,45,16
0.559356,26,18
0.559356,23,18
0.559356,40,14
0.559356,33,18
0.559356,43,22
0.559356,20,19
0.559356,35,20
0.041279,44,20
0.041279,22,21
0.041279,28,26
0.041279,21,Inf
0.041279,30,Inf
0.041279,24,21
0.041279,26,Inf
2.202631,26,14
2.202631,30,20
2.202631,35,23
2.202631,25,18
2.202631,30,17
2.202631,45,19
2.202631,37,16
2.202631,36,18
2.202631,24,23
2.202631,28,17
2.202631,28,17
2.202631,26,19
0.503123,45,Inf
0.503123,30,22
0.503123,30,23
0.503123,36,33
0.503123,43,20
0.672884,18,17
0.672884,24,20
0.672884,40,17
0.672884,35,13
0.672884,46,18
0.672884,28,18
0.672884,22,15
0.672884,37,20
0.149906,43,21
0.149906,37,19
0.149906,35,15
0.149906,17,17
0.149906,19,Inf
0.149906,20,14
0.149906,28,19
0.149906,22,14
0.149906,19,17
0.149906,38,19
0.149906,34,15
0.149906,45,15
0.149906,17,Inf
0.149906,19,13
0.149906,22,21
1.569588,34,20
1.569588,30,17
1.569588,35,20
1.569588,24,18
1.569588,32,16
1.569588,30,18
1.569588,32,15
1.569588,35,20
1.569588,20,14
1.569588,25,19
1.569588,27,16
2.131083,30,15
2.131083,41,24
2.131083,20,17
2.131083,40,18
2.131083,21,15
0.178293,30,17
0.178293,27,20
0.178293,32,21
0.178293,30,24
0.178293,24,18
0.178293,40,20
0.178293,25,19
0.137104,45,21
0.137104,32,16
0.137104,23,14
0.137104,30,15
0.137104,45,26
0.137104,24,17
0.137104,22,16
0.137104,22,Inf
0.137104,31,19
0.137104,42,22
0.124937,26,16
0.124937,22,20
0.124937,30,19
0.124937,23,15
0.124937,38,15
0.124937,30,17
0.124937,27,15
0.124937,20,20
0.124937,43,17
0.124937,21,19
0.124937,28,18
0.124937,27,17
0.124937,38,15
2.258898,27,16
2.258898,33,23
2.258898,32,19
2.258898,27,21
2.258898,34,20
2.258898,37,19
2.258898,46,17
2.258898,20,Inf
2.258898,41,20
2.258898,34,17
0.085154,29,25
0.085154,21,18
0.085154,36,14
0.085154,47,14
0.085154,28,17
0.085154,23,14
0.085154,28,17
0.085154,25,12
0.085154,49,20
0.085154,46,Inf
2.465341,18,Inf
2.465341,28,18
2.465341,18,Inf
2.465341,25,17
2.465341,26,14
2.465341,35,16
2.465341,28,21
2.465341,48,18
2.465341,25,15
2.465341,18,Inf
2.465341,26,17
2.465341,20,19
2.465341,43,12
2.465341,43,18
2.465341,35,13
2.465341,35,16
2.465341,42,16
2.465341,16,Inf
2.465341,35,21
0.489765,35,16
0.489765,27,23
0.152035,27,16
0.152035,35,16
0.152035,25,18
0.152035,37,11
0.152035,35,18
0.152035,41,13
0.152035,40,14
0.102411,35,16
0.102411,30,15
0.102411,25,17
0.102411,38,16
0.102411,30,17
0.102411,30,25
0.102411,28,23
0.041567,30,19
0.041567,43,15
1.704301,36,20
1.704301,38,30
1.704301,43,17
1.704301,40,14
1.704301,28,21
1.704301,30,18
1.704301,45,17
1.704301,30,20
1.704301,35,15
2.501472,25,18
2.501472,25,25
2.501472,30,19
2.501472,33,23
2.501472,28,19
2.501472,30,14
2.501472,35,30
2.501472,23,Inf
2.501472,31,17
2.501472,24,Inf
2.501472,39,19
2.501472,20,18
2.501472,24,20
2.501472,34,17
2.501472,37,25
2.501472,23,20
2.090144,28,20
2.090144,28,21
2.090144,18,Inf
2.090144,22,22
2.090144,21,Inf
2.090144,49,13
2.090144,37,14
2.090144,24,17
2.090144,35,17
2.090144,20,13
2.090144,20,20
2.090144,38,16
2.090144,24,18
2.908272,28,16
2.908272,28,18
2.908272,45,28
2.908272,26,17
2.908272,34,17
2.908272,25,17
2.908272,22,16
2.908272,45,20
2.908272,32,16
2.908272,30,22
2.908272,25,15
2.908272,24,17
2.908272,26,22
0.033304,18,Inf
0.033304,30,17
0.033304,22,Inf
0.033304,20,Inf
0.033304,45,15
0.033304,29,25
0.033304,20,17
0.033304,38,28
0.033304,43,19
0.033304,25,15
0.033304,19,Inf
0.033304,33,17
0.037151,22,Inf
0.037151,25,17
0.037151,22,20
0.037151,35,20
2.032586,39,17
2.032586,23,20
2.032586,27,19
2.032586,26,16
2.032586,40,27
2.032586,31,18
2.032586,27,20
2.032586,33,16
2.032586,27,15
2.032586,21,17
2.032586,26,23
2.032586,27,14
2.032586,27,20
2.032586,20,18
0.787829,31,16
0.787829,40,16
0.787829,27,26
0.787829,28,17
0.787829,24,17
0.787829,24,21
0.787829,42,26
0.787829,35,14
0.787829,25,25
1.965642,31,16
1.965642,47,17
1.965642,36,21
1.965642,23,22
1.965642,31,19
1.965642,21,20
1.965642,40,19
1.965642,21,20
1.965642,35,19
1.965642,36,15
0.077386,36,23
0.077386,20,16
0.077386,23,23
0.077386,35,20
0.077386,30,15
0.077386,22,19
0.154493,35,18
0.154493,38,17
0.154493,35,25
0.154493,28,14
0.154493,35,20
0.154493,27,17
0.154493,35,25
0.154493,30,13
0.154493,25,17
0.154493,15,Inf
0.154493,42,13
0.154493,46,18
0.154493,35,14
0.075809,35,19
0.075809,25,15
0.075809,27,15
0.075809,30,16
0.075809,17,15
0.075809,35,17
0.075809,30,15
0.075809,27,25
0.15644,20,18
0.15644,30,18
0.15644,18,18
0.15644,24,16
0.15644,38,23
0.15644,22,17
0.15644,32,20
0.15644,25,17
0.15644,35,17
0.15644,29,21
0.15644,37,21
0.15644,21,14
0.15644,32,14
0.15644,23,16
0.15644,16,Inf
0.23751,18,17
0.23751,20,17
0.23751,46,25
0.23751,19,Inf
0.23751,40,20
0.23751,30,15
0.23751,46,16
0.23751,40,16
0.23751,36,15
0.687503,38,17
0.687503,30,15
0.687503,30,20
0.687503,31,25
0.687503,36,18
0.687503,29,18
0.687503,26,20
0.687503,21,Inf
0.687503,22,16
0.687503,35,25
0.687503,28,25
0.687503,23,21
0.687503,36,17
0.029111,28,20
0.029111,19,16
0.029111,28,16
0.029111,18,16
0.101802,46,23
0.101802,46,22
0.101802,30,26
0.101802,38,19
0.101802,24,Inf
0.101802,32,19
0.101802,27,22
0.101802,35,19
0.101802,35,33
0.101802,28,Inf
0.053396,31,18
0.053396,34,16
0.053396,48,15
0.053396,21,15
0.053396,29,16
0.053396,24,14
0.157307,18,Inf
0.157307,22,17
0.157307,23,Inf
0.157307,32,14
0.157307,47,15
0.157307,40,15
0.157307,27,16
0.157307,22,15
0.157307,33,30
0.157307,20,18
0.131928,30,18
0.131928,22,Inf
0.131928,25,18
0.131928,28,14
0.131928,37,14
0.131928,28,16
0.131928,19,Inf
0.131928,30,19
0.131928,25,15
0.131928,19,Inf
0.131928,22,19
0.131928,27,14
0.131928,18,Inf
0.054817,23,21
0.054817,25,Inf
0.054817,29,14
0.054817,26,18
0.054817,20,Inf
0.054817,30,16
0.566973,32,18
0.566973,48,33
0.566973,32,18
0.566973,33,17
0.566973,39,35
0.541157,37,18
0.541157,49,21
0.541157,37,20
0.541157,28,23
0.541157,40,19
0.541157,32,18
0.541157,35,14
0.541157,24,Inf
0.042136,31,19
0.042136,34,16
0.042136,20,18
0.042136,33,Inf
0.042136,26,16
0.042136,35,17
0.042136,18,16
0.042136,31,26
0.042136,30,19
0.042136,35,17
0.042136,35,15
0.042136,25,Inf
0.042136,20,Inf
0.042136,29,19
0.042136,30,20
0.042136,30,24
0.281264,18,Inf
0.281264,30,17
0.281264,25,24
0.281264,24,Inf
0.281264,19,14
0.281264,43,16
0.281264,18,Inf
0.281264,25,14
0.281264,40,21
0.281264,44,18
0.281264,24,21
0.281264,24,20
0.281264,40,14
1.807008,19,17
1.807008,24,14
1.807008,20,15
1.807008,40,20
1.807008,45,14
1.807008,31,25
1.807008,30,18
1.807008,22,15
1.807008,34,21
1.807008,42,24
1.807008,25,16
1.807008,27,16
1.451388,30,18
1.451388,38,18
1.451388,26,17
1.451388,33,19
1.451388,30,24
1.451388,30,15
1.451388,30,17
1.451388,47,24
1.451388,36,19
1.451388,31,20
1.451388,27,17
2.078824,24,21
2.078824,32,19
2.078824,48,21
2.078824,31,19
2.078824,23,17
2.078824,31,19
2.078824,32,18
2.078824,40,17
2.078824,20,18
2.078824,20,Inf
2.078824,24,18
2.078824,30,Inf
2.078824,21,18
2.078824,32,16
2.078824,25,21
2.078824,36,17
2.078824,25,19
2.078824,29,23
0.059896,20,Inf
0.059896,28,14
0.296282,20,16
0.296282,33,13
0.296282,22,18
0.296282,19,Inf
0.296282,30,15
0.296282,29,28
0.296282,19,18
0.296282,20,19
0.296282,24,Inf
0.296282,21,21
1.131331,28,23
1.131331,38,22
1.131331,35,21
1.131331,48,18
1.131331,35,20
1.131331,35,23
1.131331,34,20
1.131331,39,17
1.131331,39,21
1.131331,27,21
0.136333,20,20
0.136333,35,21
0.136333,25,22
0.136333,27,21
0.136333,20,15
0.136333,25,23
0.136333,25,24
0.136333,20,Inf
0.136333,31,23
2.202531,38,Inf
2.202531,15,Inf
2.202531,36,17
2.202531,25,17
2.202531,25,Inf
2.202531,37,20
2.202531,29,14
2.202531,31,17
2.202531,36,14
2.202531,36,15
2.202531,29,18
2.202531,43,19
2.202531,29,Inf
2.202531,18,Inf
2.17897,25,20
2.17897,36,15
2.17897,33,20
2.17897,21,19
2.17897,39,22
2.17897,21,19
2.17897,26,20
2.17897,39,21
2.17897,25,20
2.17897,30,24
2.17897,25,24
2.17897,28,18
2.17897,32,19
2.17897,37,19
2.17897,18,Inf
0.305302,40,19
0.305302,26,19
0.305302,43,17
0.305302,20,16
0.305302,24,21
0.305302,34,20
0.305302,23,15
0.305302,35,21
0.16361,39,17
0.16361,24,18
0.16361,24,17
0.16361,25,Inf
0.16361,35,13
0.16361,20,15
0.16361,30,15
0.16361,47,14
0.16361,20,17
0.16361,25,15
0.16361,22,19
0.440156,20,16
0.440156,25,18
0.440156,35,14
0.440156,30,15
0.440156,21,18
0.440156,27,18
0.571436,30,23
0.571436,35,24
0.571436,32,31
0.057437,33,21
0.057437,35,13
0.057437,20,19
0.057437,30,15
0.057437,32,20
0.057437,28,16
0.057437,30,16
0.057437,39,18
0.057437,19,16
0.057437,41,15
0.057437,35,26
0.057437,30,19
0.057437,23,17
0.057437,26,16
0.057437,28,14
0.057437,16,16
0.057437,35,25
1.976129,30,17
1.976129,25,14
1.976129,20,Inf
1.976129,28,27
1.976129,30,16
1.976129,25,20
1.976129,35,18
1.976129,22,Inf
1.976129,29,19
1.976129,30,16
1.976129,26,16
0.89344,25,17
0.89344,48,18
0.89344,25,20
0.89344,40,23
0.89344,35,15
0.89344,18,Inf
1.503465,40,16
1.503465,39,16
1.503465,27,17
1.503465,35,17
1.503465,41,20
1.503465,23,17
1.503465,25,23
1.503465,31,14
1.503465,20,Inf
1.503465,35,22
1.503465,22,Inf
1.503465,27,19
1.503465,24,20
1.503465,29,24
0.908728,36,18
0.908728,27,19
0.908728,37,21
0.908728,18,Inf
0.908728,42,29
0.908728,23,16
0.908728,23,21
0.908728,32,21
0.908728,27,23
0.908728,44,18
0.908728,21,20
0.908728,22,21
0.908728,41,18
1.750238,20,16
1.750238,30,12
1.750238,36,19
1.750238,37,15
1.750238,45,13
1.750238,35,14
1.750238,39,19
1.750238,32,17
1.750238,29,16
1.750238,35,18
1.750238,28,16
2.169789,45,22
2.169789,24,19
2.169789,30,15
2.169789,37,16
2.169789,23,22
2.169789,30,19
2.169789,25,Inf
2.169789,35,14
2.169789,30,17
2.169789,26,23
2.169789,42,17
2.169789,45,Inf
2.169789,35,18
2.169789,35,17
0.048316,43,18
0.048316,28,17
0.048316,36,16
0.048316,35,18
0.048316,37,17
0.928438,42,20
0.928438,26,21
0.928438,28,15
0.928438,20,17
0.928438,49,31
0.928438,35,13
0.077621,30,27
0.077621,24,15
0.077621,27,20
0.077621,26,21
0.077621,23,20
0.077621,40,17
0.077621,23,22
0.077621,19,18
1.493046,36,19
1.493046,30,20
1.493046,45,19
1.493046,38,19
1.493046,37,14
1.493046,45,16
0.047061,44,17
0.047061,24,18
0.047061,28,18
0.047061,30,23
0.449799,37,19
0.449799,38,34
0.449799,36,35
0.530905,30,14
0.530905,37,15
0.530905,30,19
0.530905,35,16
0.530905,30,20
3.283103,32,23
3.283103,25,19
3.283103,31,23
3.283103,28,20
3.283103,31,15
3.283103,25,20
3.283103,16,Inf
3.283103,19,18
3.283103,38,16
3.283103,36,15
3.283103,32,15
3.283103,25,19
3.283103,17,17
3.283103,30,25
3.283103,31,25
3.283103,21,16
3.283103,41,16
3.283103,31,21
3.283103,30,18
0.041163,28,17
0.041163,38,28
0.041163,20,Inf
0.041163,24,Inf
2.217549,36,16
2.217549,35,17
2.217549,37,31
2.217549,29,27
2.217549,34,15
2.217549,35,17
2.217549,45,12
2.217549,39,16
2.217549,22,16
2.217549,40,20
2.217549,32,20
0.229491,30,20
0.229491,22,15
0.229491,21,20
0.229491,29,28
0.229491,20,Inf
0.229491,21,20
0.229491,22,Inf
0.229491,43,Inf
0.229491,20,18
0.229491,39,15
0.229491,40,19
0.229491,35,19
0.057112,35,31
0.057112,29,14
0.057112,31,14
0.057112,28,15
2.168594,41,16
2.168594,28,16
2.168594,18,16
2.168594,45,18
2.168594,38,24
2.168594,28,16
2.168594,40,17
2.168594,26,15
2.168594,30,18
2.168594,39,19
2.168594,42,16
2.168594,29,17
2.168594,20,14
2.168594,38,17
0.050075,33,20
0.050075,32,32
2.502914,31,18
2.502914,40,22
2.502914,31,17
2.502914,24,23
2.502914,37,19
2.502914,30,16
2.502914,32,18
2.502914,21,16
2.502914,37,16
2.502914,37,17
2.502914,38,22
0.043106,16,Inf
0.043106,19,15
0.043106,18,15
0.043106,33,21
0.043106,36,16
0.043106,25,20
0.653583,25,Inf
0.653583,32,20
0.653583,37,19
0.463266,33,19
0.463266,22,21
0.463266,26,21
0.463266,25,19
0.463266,26,25
0.463266,25,21
0.04098,25,19
0.04098,33,15
0.04098,30,20
0.04098,46,15
0.04098,40,16
0.04098,35,20
0.04098,23,19
0.04098,30,20
0.04098,20,18
0.04098,30,20
0.04098,16,Inf
0.33293,35,17
0.33293,23,19
0.33293,38,19
0.33293,40,25
0.33293,40,15
0.33293,19,Inf
0.33293,46,19
0.33293,22,17
0.33293,35,19
0.057336,29,20
0.057336,39,24
0.057336,23,22
0.057336,35,22
0.057336,28,20
0.057336,28,21
0.057336,35,25
0.088137,27,17
0.088137,33,18
0.088137,29,21
0.088137,18,16
0.088137,31,15
0.088137,19,Inf
0.095418,32,19
0.095418,25,18
0.095418,24,16
0.095418,45,16
0.095418,48,22
0.095418,18,18
0.095418,34,21
0.095418,25,19
0.095418,28,22
0.095418,32,19
0.095418,40,20
0.095418,26,15
0.095418,45,18
0.095418,19,16
0.095418,36,18
0.095418,26,21
0.095418,28,17
0.041296,42,14
0.041296,35,14
0.041296,30,22
0.041296,35,16
0.041296,32,17
0.041296,40,13
0.041296,40,18
0.041296,17,Inf
0.041296,44,24
0.041296,33,15
0.041296,45,20
0.041296,20,19
0.041296,26,19
0.041296,38,21
0.073384,40,18
0.073384,35,20
0.073384,28,16
0.073384,40,24
0.073384,28,22
0.073384,20,17
0.073384,22,20
0.073384,36,23
0.073384,23,22
3.043524,31,18
3.043524,27,12
3.043524,35,25
3.043524,25,18
3.043524,22,15
3.043524,23,17
3.043524,35,19
3.043524,25,22
3.043524,40,21
3.043524,18,17
3.043524,18,Inf
3.043524,23,18
3.043524,40,25
3.043524,33,20
3.043524,30,18
0.107401,20,18
0.107401,35,23
0.107401,28,15
0.107401,21,Inf
0.107401,40,19
0.107401,20,15
0.107401,34,21
0.107401,31,15
0.107401,35,19
0.107401,31,17
0.107401,28,17
0.107401,28,20
0.107401,35,25
0.107401,20,17
0.107401,35,15
0.559482,44,21
0.559482,40,23
0.559482,40,25
0.559482,44,23
0.559482,26,22
0.559482,35,14
0.559482,29,Inf
0.559482,39,21
0.559482,42,23
0.559482,40,19
0.559482,40,19
0.559482,40,20
0.559482,25,19
2.718889,20,20
2.718889,20,20
2.718889,34,19
2.718889,30,17
2.718889,41,17
2.718889,28,19
2.718889,26,19
2.718889,27,18
2.718889,30,14
2.718889,28,23
2.718889,35,17
2.718889,49,21
2.718889,20,19
2.718889,24,16
2.718889,28,16
2.718889,46,15
2.718889,30,22
2.718889,31,23
0.054613,35,15
0.054613,30,20
0.054613,20,17
0.054613,45,22
0.054613,26,22
0.346525,33,23
0.346525,23,Inf
0.346525,28,14
0.346525,31,17
0.346525,28,20
0.346525,23,21
0.346525,25,18
0.234596,34,17
0.234596,29,17
0.699948,19,Inf
0.699948,31,24
0.699948,29,20
0.699948,21,21
1.282646,20,19
1.282646,28,19
1.282646,21,18
1.282646,22,19
1.282646,17,Inf
1.282646,37,22
1.282646,32,22
1.282646,43,20
1.282646,26,16
1.282646,28,20
1.282646,20,20
1.282646,23,17
1.933118,23,16
1.933118,43,14
1.933118,34,16
1.933118,25,18
1.933118,18,Inf
1.933118,31,16
1.933118,30,24
1.933118,32,16
1.933118,35,20
1.933118,38,19
1.933118,22,16
1.933118,22,17
1.933118,25,18
1.933118,45,20
1.933118,41,22
0.572379,20,Inf
0.572379,32,19
0.572379,22,20
0.572379,49,16
0.572379,25,20
0.572379,30,16
0.572379,31,16
0.572379,39,21
0.572379,41,17
0.572379,41,20
0.572379,37,23
0.572379,28,17
0.572379,46,18
0.132305,30,20
0.132305,39,20
0.132305,33,19
0.132305,27,15
0.132305,27,20
0.132305,32,Inf
0.132305,26,16
0.132305,40,17
0.132305,23,19
0.132305,26,16
0.132305,18,Inf
0.132305,30,20
0.054279,22,17
0.054279,22,20
0.054279,19,18
0.054279,24,19
0.054279,24,23
0.054279,30,15
0.054279,25,Inf
0.054279,37,14
0.826654,39,16
0.826654,32,20
0.826654,27,24
0.826654,21,19
0.826654,47,16
0.826654,18,Inf
0.826654,30,13
0.826654,37,16
0.826654,21,20
0.826654,21,19
0.826654,33,16
0.826654,34,14
0.826654,24,18
0.826654,40,17
3.591744,21,Inf
3.591744,26,Inf
3.591744,22,22
3.591744,47,16
3.591744,22,22
3.591744,22,Inf
3.591744,22,Inf
3.591744,31,14
0.010197,39,27
0.010197,36,22
0.010197,41,18
0.010197,23,22
0.478881,19,Inf
0.478881,32,Inf
0.478881,35,28
0.478881,31,28
0.478881,22,19
0.478881,28,13
0.478881,31,20
0.478881,18,17
0.478881,35,23
0.478881,37,19
1.775248,23,20
1.775248,38,14
1.775248,31,22
1.775248,45,15
1.775248,18,Inf
1.775248,29,15
1.775248,37,17
1.775248,25,19
1.775248,31,17
1.775248,36,16
1.775248,41,16
1.775248,23,18
1.775248,39,17
1.775248,28,25
0.116266,33,15
0.116266,25,19
0.116266,42,20
0.419123,35,12
0.419123,32,23
0.419123,25,Inf
0.419123,33,Inf
0.419123,33,14
0.419123,24,24
0.419123,43,20
0.05905,32,20
0.05905,22,16
0.05905,40,15
0.05905,28,17
0.05905,28,15
0.05905,20,18
0.05905,20,18
0.05905,47,17
0.05905,39,25
0.05905,31,24
0.05905,46,18
0.020769,22,Inf
0.020769,28,18
2.215002,38,16
2.215002,35,15
2.215002,25,18
2.215002,33,18
2.215002,23,21
2.215002,18,16
2.215002,30,16
2.215002,37,21
2.215002,19,17
2.215002,37,17
2.215002,28,18
2.215002,35,14
2.215002,38,22
2.215002,35,15
2.215002,25,17
2.215002,38,19
2.215002,37,19
0.839952,21,21
0.839952,28,18
0.839952,40,21
0.839952,24,24
0.839952,21,17
0.839952,23,21
0.839952,23,14
0.839952,27,26
0.839952,35,Inf
0.425715,24,20
0.425715,25,20
0.03623,24,14
0.03623,25,17
1.702196,47,14
1.702196,25,16
1.702196,48,15
1.702196,25,18
1.731889,30,17
1.731889,29,24
1.731889,22,18
1.731889,31,15
1.731889,40,17
1.731889,47,14
1.731889,29,22
1.731889,20,18
1.731889,30,22
1.731889,42,16
1.731889,28,17
1.731889,28,17
0.068333,40,13
0.068333,27,27
0.068333,38,17
0.068333,26,25
0.068333,31,22
0.068333,25,25
0.068333,35,21
0.520776,30,15
0.520776,16,Inf
0.520776,33,22
0.520776,23,21
0.520776,34,28
0.520776,20,Inf
0.520776,28,20
0.520776,25,24
0.520776,31,19
0.143955,28,20
0.143955,32,16
0.143955,38,19
0.143955,40,29
0.143955,30,20
0.143955,35,17
0.143955,20,15
0.143955,28,18
0.143955,38,17
0.143955,38,17
0.143955,28,16
0.143955,33,21
0.143955,23,16
0.143955,32,17
0.143955,30,24
0.035753,27,18
0.035753,46,21
0.035753,18,16
0.035753,34,16
0.035753,28,18
0.467517,37,22
0.467517,25,Inf
0.467517,42,18
0.467517,25,19
0.467517,35,24
0.288589,45,20
0.288589,26,16
0.288589,24,13
0.288589,25,23
0.288589,29,17
0.288589,32,18
0.288589,29,21
0.288589,35,27
0.288589,28,17
0.288589,20,17
0.288589,22,18
0.288589,25,16
0.288589,37,19
1.761423,40,17
1.761423,31,20
1.761423,40,21
1.761423,37,19
1.761423,31,15
1.761423,25,19
1.761423,24,Inf
1.761423,25,17
1.761423,43,19
1.761423,23,17
1.761423,43,21
1.761423,41,16
1.761423,43,20
1.761423,20,16
1.761423,29,19
1.761423,41,26
2.357173,39,14
2.357173,30,19
2.357173,43,22
2.357173,26,16
2.357173,37,19
2.357173,42,26
2.357173,35,17
2.357173,38,19
2.357173,36,18
2.357173,42,17
2.357173,16,Inf
2.357173,41,15
2.357173,35,Inf
2.357173,48,20
2.357173,36,18
2.357173,46,38
2.357173,48,16
2.357173,38,20
0.101729,38,23
0.101729,35,24
0.101729,25,17
0.101729,28,18
0.101729,18,18
0.101729,18,Inf
0.101729,29,18
0.101729,17,16
0.101729,28,19
0.101729,20,17
0.101729,26,14
0.20162,28,22
0.20162,34,20
0.20162,28,19
0.20162,23,21
0.20162,29,18
0.20162,27,Inf
0.20162,33,Inf
0.20162,17,16
0.20162,21,Inf
0.20162,33,25
0.20162,25,22
0.0418,17,Inf
0.0418,30,20
0.0418,29,19
0.0418,26,15
0.0418,22,19
0.0418,27,21
0.0418,25,17
0.0418,23,Inf
0.03682,20,14
0.03682,25,17
0.151296,21,19
0.151296,35,22
0.151296,30,17
0.151296,23,13
0.151296,25,21
0.151296,26,15
0.151296,26,15
0.151296,21,16
0.151296,34,14
0.151296,31,20
0.151296,38,13
2.501429,36,18
2.501429,24,21
2.501429,23,20
2.501429,28,18
0.662023,26,24
0.662023,42,20
0.662023,38,19
0.662023,30,29
0.662023,26,26
0.662023,42,Inf
0.662023,24,20
0.662023,28,27
0.662023,20,17
0.662023,23,Inf
0.662023,37,27
0.662023,35,22
0.662023,40,16
0.662023,43,16
0.662023,35,21
0.662023,20,18
0.039546,37,30
0.039546,34,21
0.039546,32,19
0.039546,16,Inf
0.039546,25,19
0.039546,35,Inf
3.640357,25,15
3.640357,40,16
3.640357,28,16
3.640357,25,15
3.640357,20,18
3.640357,35,16
3.640357,27,19
3.640357,17,17
3.640357,25,18
3.640357,32,16
3.640357,24,15
3.640357,35,21
3.640357,25,16
3.640357,40,19
3.640357,32,17
2.600153,39,17
2.600153,30,24
2.600153,32,16
2.600153,38,13
2.600153,34,16
2.600153,30,16
2.600153,30,15
2.600153,18,Inf
0.03728,21,20
0.03728,27,Inf
3.480521,31,17
3.480521,21,Inf
3.480521,22,Inf
3.480521,31,20
3.480521,27,22
3.480521,42,17
3.480521,18,Inf
3.480521,30,20
3.480521,45,21
3.480521,33,21
0.111606,40,35
0.111606,30,29
0.111606,33,27
0.111606,33,Inf
0.111606,46,31
0.111606,28,25
0.111606,47,34
0.111606,35,26
0.111606,27,23
0.111606,36,32
0.111606,35,27
0.111606,37,24
0.111606,27,27
2.715531,48,16
2.715531,33,19
2.715531,29,19
2.715531,23,21
2.715531,36,16
2.715531,24,17
2.715531,20,19
2.715531,28,17
2.715531,32,19
2.715531,28,19
2.715531,42,14
2.715531,27,18
2.715531,20,19
1.470285,22,21
1.470285,30,19
1.470285,32,16
1.470285,32,20
1.470285,37,18
1.470285,20,18
1.470285,17,Inf
1.470285,20,Inf
1.470285,31,24
1.470285,24,16
1.470285,40,20
1.470285,27,19
1.470285,38,16
1.948019,27,18
1.948019,23,16
1.948019,34,19
1.948019,20,20
1.948019,21,Inf
1.948019,27,20
1.948019,20,18
1.948019,18,Inf
1.948019,25,18
1.948019,23,19
1.948019,27,17
1.948019,34,14
1.740988,40,14
1.740988,25,24
1.740988,43,21
1.740988,29,23
1.740988,38,22
1.740988,20,Inf
1.740988,41,17
1.740988,28,21
1.740988,27,17
0.589952,28,22
0.589952,37,20
0.589952,38,13
0.589952,28,19
0.589952,40,15
0.055383,39,13
0.055383,23,15
0.055383,18,Inf
0.055383,36,20
0.055383,40,25
0.055383,30,18
0.055383,34,17
0.055383,18,Inf
0.055383,33,19
0.055383,37,14
0.055383,37,21
0.055383,25,20
0.055383,24,Inf
0.055383,25,21
0.621639,27,17
0.621639,36,16
0.621639,20,Inf
0.621639,34,15
0.621639,37,16
0.621639,18,18
0.621639,36,15
0.621639,35,16
0.621639,27,15
0.621639,28,16
0.621639,46,17
0.621639,25,25
0.621639,40,17
0.621639,35,16
0.621639,45,25
0.621639,23,14
0.621639,30,21
0.621639,44,15
0.247547,26,21
0.247547,23,14
0.247547,25,17
0.247547,20,17
0.247547,15,14
0.247547,21,16
0.247547,26,16
0.247547,20,17
0.247547,35,20
0.247547,17,Inf
0.411063,43,20
0.411063,20,Inf
0.411063,23,Inf
0.411063,30,18
0.411063,28,18
3.875839,25,24
3.875839,30,15
3.875839,20,20
3.875839,29,20
3.875839,48,18
3.875839,38,12
3.875839,35,28
3.875839,28,16
3.875839,33,29
3.875839,35,12
3.875839,25,15
3.875839,25,15
3.875839,28,23
3.875839,30,15
3.875839,34,15
3.875839,43,22
3.875839,23,18
3.875839,28,18
4.142387,35,Inf
4.142387,31,16
4.142387,36,18
4.142387,22,22
4.142387,38,30
4.142387,28,28
4.142387,24,16
4.142387,30,24
4.142387,25,Inf
4.142387,30,19
4.142387,37,Inf
4.142387,25,22
4.142387,25,22
0.947789,39,14
0.947789,34,30
0.947789,28,16
0.947789,34,28
0.947789,28,17
0.947789,28,25
0.947789,31,26
1.582356,21,18
1.582356,41,22
1.582356,45,16
1.582356,35,17
1.582356,30,16
1.582356,25,20
1.582356,37,20
1.582356,44,15
1.582356,48,20
1.582356,21,Inf
1.582356,22,19
1.582356,25,17
1.582356,40,16
0.02796,20,18
0.02796,20,17
0.02796,30,16
0.02796,40,14
1.920208,24,21
1.920208,24,Inf
1.920208,22,20
1.920208,28,Inf
0.054622,30,25
0.054622,24,Inf
0.054622,23,Inf
0.054622,34,23
0.054622,38,15
0.054622,16,Inf
0.054622,27,18
2.120194,43,18
2.120194,25,19
2.120194,40,15
2.120194,30,15
2.120194,35,24
2.120194,20,Inf
2.120194,33,15
2.120194,45,29
0.079418,33,18
0.079418,28,15
0.079418,30,17
0.079418,29,18
0.079418,30,15
0.079418,28,Inf
0.079418,41,19
0.079418,25,19
0.079418,40,20
0.079418,20,19
0.079418,28,18
0.079418,45,23
0.079418,29,20
2.106929,21,16
2.106929,25,21
2.106929,39,17
2.106929,25,19
2.106929,30,16
2.106929,28,16
2.106929,19,15
2.106929,44,18
2.106929,39,22
2.106929,38,18
1.674679,30,16
1.674679,37,14
1.674679,34,15
1.674679,25,21
1.674679,20,17
1.674679,34,16
1.674679,34,17
1.674679,39,23
1.674679,38,13
1.674679,16,16
1.674679,18,Inf
1.674679,30,19
1.674679,36,19
1.674679,40,22
1.674679,19,18
0.37311,43,25
0.37311,39,23
0.029437,30,20
0.029437,30,20
0.029437,30,21
0.029437,28,23
0.029437,22,17
0.029437,25,19
0.029437,35,15
0.029437,28,21
0.029437,28,18
2.490708,33,19
2.490708,24,16
2.490708,24,21
2.490708,36,18
2.490708,32,19
2.490708,28,22
2.490708,25,19
2.490708,22,17
2.490708,40,17
2.490708,18,Inf
2.490708,21,18
2.490708,46,34
2.490708,26,22
2.490708,22,15
2.490708,24,16
2.490708,25,20
2.490708,37,19
2.490708,21,16
2.490708,25,17
2.490708,22,19
0.141413,43,17
0.141413,35,15
0.141413,26,25
0.141413,28,23
0.127305,24,15
0.127305,35,25
0.127305,40,21
0.127305,30,22
0.127305,28,20
0.127305,25,18
0.127305,25,17
4.182794,27,18
4.182794,28,18
4.182794,21,Inf
4.182794,34,16
4.182794,23,Inf
4.182794,26,21
4.182794,35,17
0.154743,22,16
0.154743,25,14
0.154743,18,Inf
0.154743,33,20
0.154743,24,Inf
0.154743,22,22
0.154743,19,17
0.154743,26,12
0.154743,40,14
0.154743,35,17
0.154743,28,15
0.154743,28,18
0.154743,17,Inf
0.154743,26,15
0.154743,20,15
0.154743,18,Inf
0.058683,30,24
0.058683,42,22
0.058683,30,19
0.058683,34,18
0.058683,29,22
3.120269,26,22
3.120269,18,Inf
3.120269,40,15
3.120269,23,22
3.120269,26,19
3.120269,29,Inf
3.120269,42,12
3.120269,28,Inf
3.120269,25,19
3.120269,32,Inf
3.120269,25,25
0.136151,21,20
0.136151,35,21
0.136151,45,24
0.136151,22,14
0.136151,35,31
0.136151,40,14
0.136151,28,22
0.136151,23,19
0.136151,30,20
0.136151,28,16
0.136151,40,22
0.136151,30,14
0.136151,35,19
0.142338,17,17
1.487217,18,18
1.487217,39,18
1.487217,26,21
1.487217,20,Inf
1.487217,22,18
1.487217,29,16
1.487217,23,19
1.487217,30,18
1.487217,28,18
0.040982,24,17
0.040982,29,21
0.040982,38,Inf
0.040982,29,18
0.040982,30,27
0.040982,35,14
0.040982,22,21
0.040982,20,13
2.141034,22,18
2.141034,30,16
2.141034,42,13
2.141034,27,20
2.141034,28,19
2.141034,33,18
2.141034,42,17
2.141034,26,15
2.141034,26,17
2.141034,31,15
2.141034,28,15
2.141034,32,16
2.141034,42,16
2.141034,45,23
2.141034,36,16
0.248129,21,19
0.248129,42,25
0.248129,40,22
0.248129,35,31
0.248129,46,16
0.248129,35,21
0.248129,17,Inf
0.248129,19,17
0.033115,22,15
0.033115,22,20
0.033115,20,17
0.033115,30,15
0.033115,17,Inf
0.033115,26,17
0.033115,18,Inf
0.033115,20,16
0.033115,41,18
0.033115,22,Inf
0.033115,24,16
0.033115,38,13
0.033115,26,17
0.404154,42,23
0.404154,38,19
0.404154,35,18
0.404154,38,30
0.404154,35,28
0.404154,35,32
0.404154,49,Inf
1.945695,37,16
1.945695,28,14
1.945695,45,14
1.945695,35,14
1.945695,31,23
1.945695,23,23
1.945695,17,Inf
1.945695,30,15
1.945695,31,24
1.945695,27,25
1.945695,26,21
0.183823,25,22
0.183823,25,22
0.183823,36,23
0.183823,21,Inf
0.183823,26,15
0.183823,20,19
0.183823,20,19
3.22829,16,Inf
3.22829,42,16
3.22829,16,15
3.22829,25,19
3.22829,22,14
3.22829,44,23
3.22829,23,18
3.22829,37,27
3.22829,29,18
0.122545,39,17
0.122545,40,19
0.122545,18,16
0.122545,35,16
0.122545,30,20
0.122545,40,21
0.122545,26,17
0.122545,29,19
0.122545,20,18
0.122545,20,18
0.122545,37,18
0.122545,16,Inf
0.122545,41,17
0.122545,20,19
0.122545,24,16
0.127425,33,20
0.127425,36,24
0.127425,23,16
0.127425,19,Inf
0.127425,28,17
0.127425,28,Inf
0.127425,24,23
0.127425,30,15
0.127425,35,22
0.127425,25,19
0.127425,22,Inf
0.127425,35,22
0.127425,37,19
0.076858,40,20
0.076858,20,18
0.076858,40,15
0.076858,18,17
0.076858,35,17
0.076858,26,14
2.130997,25,21
2.130997,22,19
2.130997,38,26
2.130997,38,29
2.130997,32,20
2.130997,32,19
2.130997,30,17
2.130997,30,22
2.130997,32,23
2.130997,20,Inf
1.551475,21,20
1.551475,25,18
1.551475,20,19
1.551475,32,18
1.551475,35,15
1.551475,48,20
1.551475,20,18
1.551475,35,17
1.551475,30,16
1.551475,27,15
1.551475,24,16
1.551475,25,15
1.551475,46,19
1.551475,30,21
0.540588,35,Inf
0.540588,27,23
0.540588,20,18
0.540588,43,16
0.540588,29,26
0.540588,30,18
0.540588,42,18
1.007922,34,18
1.007922,44,22
1.007922,25,17
1.007922,31,21
1.007922,22,20
1.007922,24,19
1.007922,44,16
1.007922,32,18
1.007922,43,18
1.007922,18,Inf
0.614167,41,19
0.614167,40,17
0.614167,27,19
0.614167,31,26
0.614167,39,21
0.614167,24,24
0.614167,42,18
1.221068,35,26
1.221068,40,17
1.221068,25,20
1.221068,40,21
1.221068,18,16
1.221068,27,19
1.221068,20,Inf
1.221068,34,21
0.042551,27,13
0.042551,32,15
0.042551,38,17
0.042551,37,17
0.042551,28,15
0.06225,28,21
0.06225,22,15
0.06225,17,15
0.06225,35,15
0.06225,18,Inf
1.547702,48,23
1.547702,31,18
1.547702,26,21
1.547702,21,21
1.547702,37,22
1.547702,42,16
1.547702,21,Inf
1.547702,28,28
1.547702,38,15
1.547702,47,22
1.547702,34,18
1.547702,46,19
1.547702,44,18
1.547702,40,22
1.547702,32,16
1.547702,47,Inf
1.547702,40,18
0.019354,25,16
0.019354,22,17
1.668968,40,19
1.668968,30,18
1.668968,28,26
1.668968,25,20
1.668968,18,Inf
1.668968,28,22
1.668968,40,17
1.668968,35,12
1.668968,26,15
1.668968,36,17
0.036883,24,18
0.036883,36,17
0.036883,48,17
2.689534,34,14
2.689534,30,18
2.689534,24,14
2.689534,43,17
2.689534,28,15
2.689534,34,18
2.689534,48,21
2.689534,35,22
2.689534,24,18
2.689534,25,23
2.689534,30,17
2.689534,32,18
2.689534,25,21
2.689534,40,24
2.027508,27,20
2.027508,39,22
2.027508,23,18
2.027508,38,17
2.027508,20,Inf
2.027508,48,18
2.027508,45,20
2.027508,20,18
2.027508,33,18
2.027508,38,15
2.027508,46,16
2.027508,23,20
2.027508,33,16
0.664665,35,15
0.664665,18,17
0.664665,47,16
0.664665,19,Inf
0.664665,35,15
0.664665,28,20
0.664665,40,15
0.664665,32,16
0.664665,35,16
0.664665,36,18
0.664665,30,18
0.664665,34,14
0.067744,37,18
0.067744,18,Inf
0.067744,30,16
0.067744,42,22
0.067744,27,15
0.957685,25,20
0.957685,25,22
0.957685,22,16
0.957685,18,Inf
0.957685,25,15
0.957685,40,24
0.957685,36,22
0.957685,30,Inf
1.718462,25,20
1.718462,16,Inf
1.718462,38,13
1.718462,31,23
1.718462,28,16
1.718462,36,16
1.718462,34,15
1.718462,25,21
1.718462,35,14
1.718462,31,15
1.718462,32,26
0.693804,36,21
0.693804,28,22
0.693804,29,20
0.693804,22,16
0.693804,35,19
0.693804,19,18
0.693804,21,19
0.693804,37,19
0.693804,48,17
0.693804,36,18
0.693804,27,23
0.693804,43,19
0.693804,34,17
0.176446,40,19
0.176446,39,21
0.176446,35,17
0.176446,22,Inf
0.176446,20,17
0.176446,30,23
0.176446,28,17
0.176446,16,Inf
0.176446,20,Inf
0.035653,20,19
0.035653,20,17
0.035653,23,18
0.035653,19,18
0.035653,37,16
0.035653,29,22
0.035653,38,22
0.035653,27,17
0.035653,23,18
0.035653,30,23
0.035653,18,Inf
0.035653,34,14
0.035653,37,18
0.035653,26,18
0.093295,23,19
0.093295,40,19
0.093295,40,17
0.093295,40,20
0.093295,38,18
0.093295,22,17
1.287902,35,26
1.287902,45,12
1.287902,35,12
1.287902,38,21
1.287902,40,19
1.287902,38,12
1.287902,26,20
1.73668,40,Inf
1.73668,42,21
1.73668,41,21
1.73668,34,25
1.73668,19,16
1.73668,34,21
1.73668,39,19
1.73668,25,15
1.73668,35,21
1.73668,46,21
1.73668,44,14
1.73668,27,17
1.73668,40,16
2.974406,22,16
2.974406,29,16
2.974406,25,19
2.974406,30,20
2.974406,30,17
2.974406,31,24
2.974406,48,18
2.974406,25,14
2.974406,25,14
0.193953,26,20
0.193953,24,14
0.193953,30,18
0.193953,29,24
0.193953,35,17
0.193953,30,17
0.193953,18,18
0.146723,23,Inf
0.146723,30,18
0.146723,25,23
0.146723,35,22
0.146723,30,19
0.146723,17,Inf
0.146723,35,23
0.146723,24,Inf
0.146723,28,16
0.146723,30,23
0.073432,25,Inf
0.073432,38,17
0.073432,18,Inf
0.073432,22,Inf
0.073432,30,19
0.073432,24,Inf
1.323396,40,19
1.323396,42,18
1.323396,20,17
1.323396,29,19
1.323396,22,19
1.323396,35,15
1.323396,37,17
1.323396,45,17
1.323396,18,16
1.323396,42,16
1.323396,22,16
0.079828,16,Inf
0.079828,22,17
0.079828,23,23
0.079828,27,Inf
0.079828,27,19
0.079828,26,24
0.079828,41,24
0.079828,25,18
0.359625,20,18
0.359625,30,20
0.359625,27,20
0.359625,29,24
0.359625,19,16
0.359625,38,20
0.080695,20,Inf
0.080695,31,16
0.080695,38,20
0.411802,48,23
0.411802,25,Inf
0.411802,47,21
0.411802,33,18
0.411802,23,Inf
0.411802,30,Inf
0.411802,39,24
0.411802,33,23
0.012409,25,16
0.012409,25,19
0.012409,35,19
0.012409,25,17
0.012409,20,Inf
0.058905,22,19
0.058905,31,20
0.058905,22,14
0.058905,20,19
0.058905,20,19
0.058905,26,18
0.058905,23,16
0.058905,32,14
0.058905,44,21
0.058905,38,25
3.12451,37,14
3.12451,30,16
3.12451,34,15
3.12451,23,17
3.12451,25,20
3.12451,47,Inf
3.12451,37,22
3.12451,30,19
3.12451,28,20
3.12451,20,15
3.12451,28,15
3.12451,21,Inf
3.12451,43,16
3.12451,21,14
3.12451,16,Inf
1.641259,28,23
1.641259,49,15
1.641259,28,25
1.641259,41,29
1.641259,29,18
1.641259,31,17
1.641259,28,18
1.641259,36,18
1.641259,41,20
1.641259,36,30
1.641259,38,17
1.641259,18,15
1.641259,35,18
0.141171,28,23
0.141171,27,Inf
0.141171,34,18
0.141171,31,14
0.141171,36,16
0.141171,41,16
0.141171,24,21
0.141171,30,12
0.141171,25,Inf
0.141171,30,16
0.141171,33,17
0.141171,36,15
0.141171,43,14
0.141171,25,22
0.141171,43,16
0.141171,24,16
2.004547,47,15
2.004547,36,16
2.004547,40,19
2.004547,21,Inf
2.004547,28,19
2.004547,31,16
2.004547,30,16
2.004547,21,Inf
2.004547,36,21
2.004547,18,Inf
1.168831,39,25
1.168831,30,17
1.168831,24,20
1.168831,31,16
1.168831,35,18
1.168831,25,16
1.168831,42,20
1.168831,35,22
1.168831,35,19
1.168831,32,18
1.168831,30,16
1.168831,29,19
1.168831,25,21
1.168831,30,20
1.168831,26,18
1.168831,35,21
1.168831,35,18
0.194199,21,18
0.194199,30,20
0.194199,35,17
0.194199,21,17
0.194199,35,19
0.194199,34,16
0.194199,19,17
0.194199,18,Inf
0.194199,30,16
0.194199,18,15
0.194199,26,17
0.194199,32,14
0.194199,20,16
0.194199,26,16
0.194199,28,22
0.352357,37,20
0.352357,25,16
0.352357,34,20
1.223278,29,20
1.223278,21,18
1.223278,43,29
1.223278,41,21
1.223278,30,15
1.223278,27,17
0.075988,24,23
0.075988,38,16
0.075988,29,18
0.075988,26,19
0.075988,39,18
0.075988,30,22
0.075988,30,14
0.024807,45,Inf
0.024807,33,21
0.024807,25,20
0.024807,24,19
0.024807,29,25
0.024807,36,18
0.024807,38,21
0.024807,27,21
2.334252,37,20
2.334252,42,15
2.334252,45,16
2.334252,21,Inf
2.334252,22,21
2.334252,20,Inf
2.334252,40,18
2.334252,48,17
2.334252,48,14
2.334252,34,15
2.334252,28,21
2.334252,43,18
2.334252,26,19
2.334252,40,19
2.334252,28,21
2.334252,38,17
0.041807,21,17
0.041807,24,17
0.041807,38,19
0.041807,40,14
0.041807,42,23
0.041807,30,20
0.041807,25,16
0.041807,37,17
0.041807,20,16
1.272114,22,17
1.272114,26,17
1.272114,34,17
1.272114,42,31
1.272114,21,17
1.272114,46,22
1.272114,35,16
1.272114,22,20
1.272114,23,22
1.272114,20,16
0.057816,27,19
0.057816,38,16
0.057816,19,Inf
0.057816,39,19
0.057816,31,22
0.057816,46,20
0.057816,25,Inf
0.057816,44,19
0.057816,34,27
0.057816,27,16
0.066153,30,20
0.066153,31,20
0.066153,42,22
0.066153,28,18
0.066153,40,24
0.066153,49,18
0.066153,48,15
0.066153,32,20
0.039395,21,18
0.039395,22,20
0.039395,32,26
0.039395,24,Inf
2.661211,24,Inf
2.661211,46,15
2.661211,40,18
2.661211,42,16
2.661211,34,18
2.661211,23,19
2.661211,39,15
2.661211,28,23
2.661211,33,17
2.661211,38,15
2.661211,30,18
2.661211,33,18
0.126565,36,22
0.126565,26,18
0.126565,37,18
0.126565,18,15
0.126565,35,21
0.126565,28,17
0.126565,22,16
0.062019,35,18
0.062019,40,25
0.062019,25,16
0.062019,29,15
1.466753,26,17
1.466753,23,Inf
1.466753,28,26
1.466753,28,27
1.466753,26,18
1.466753,35,23
1.466753,32,Inf
0.660073,29,17
0.660073,27,17
0.660073,33,13
0.660073,20,Inf
0.660073,31,22
0.660073,29,14
0.660073,24,16
0.660073,32,14
0.660073,30,18
0.660073,23,21
0.051921,37,Inf
0.051921,22,19
0.051921,32,20
0.051921,46,25
0.051921,18,Inf
0.051921,38,19
0.051921,39,21
0.200517,36,17
0.200517,27,17
0.200517,17,Inf
0.200517,18,17
0.115681,23,22
0.115681,30,19
0.115681,39,21
0.115681,30,22
0.115681,30,24
0.027248,25,22
0.027248,35,22
0.027248,28,Inf
0.027248,19,16
0.027248,23,Inf
0.027248,42,15
0.027248,34,30
0.032098,39,21
0.032098,40,21
0.032098,30,15
0.032098,47,22
3.522058,28,17
3.522058,35,25
3.522058,27,16
3.522058,31,19
3.522058,22,21
3.522058,24,16
3.522058,26,17
3.522058,25,17
3.522058,26,15
3.522058,28,16
3.522058,36,16
3.522058,40,19
3.522058,34,18
3.522058,26,21
3.522058,38,15
3.522058,46,15
3.582186,26,23
3.582186,29,21
3.582186,42,21
3.582186,25,14
3.582186,33,20
3.582186,32,20
3.582186,24,21
3.582186,34,18
3.582186,41,16
3.582186,30,20
3.582186,32,15
0.548655,44,15
0.548655,48,19
0.548655,48,18
0.548655,44,15
0.548655,44,17
0.548655,18,Inf
0.548655,28,24
0.548655,34,17
0.548655,35,18
0.548655,31,16
0.548655,45,19
0.548655,28,Inf
2.028877,45,20
2.028877,34,14
2.028877,24,22
2.028877,27,14
2.028877,39,17
2.028877,32,21
2.028877,33,19
2.028877,28,18
2.028877,44,21
2.028877,24,17
2.028877,32,19
2.028877,38,23
2.028877,38,26
0.643373,30,17
0.643373,39,19
0.643373,22,Inf
0.643373,32,25
0.643373,20,19
0.643373,30,23
0.643373,27,21
0.643373,32,Inf
0.643373,27,Inf
0.643373,28,20
0.643373,24,21
0.643373,47,27
2.379328,19,Inf
2.379328,45,23
2.379328,30,Inf
2.379328,35,20
2.379328,35,15
2.379328,40,15
2.379328,26,17
2.379328,26,19
2.379328,24,19
2.379328,28,Inf
2.379328,38,18
0.451551,23,16
0.451551,28,21
0.451551,25,21
0.451551,27,16
1.929055,28,21
1.929055,26,20
1.929055,37,20
1.929055,35,16
1.929055,27,17
1.929055,30,18
1.929055,30,18
1.929055,30,14
1.929055,44,18
1.929055,38,20
1.929055,25,22
1.929055,46,15
1.939714,26,19
1.939714,40,16
1.939714,48,28
1.939714,20,19
1.939714,22,19
1.939714,25,21
1.939714,20,19
1.939714,19,19
1.939714,24,Inf
1.939714,26,20
1.939714,35,15
1.939714,34,21
1.939714,18,Inf
1.939714,31,24
1.939714,29,18
0.167386,21,17
0.167386,20,17
0.167386,27,19
0.167386,30,17
2.854847,28,17
2.854847,32,16
2.854847,39,16
2.854847,19,17
2.854847,33,22
2.854847,34,22
2.854847,33,15
2.854847,43,17
2.854847,31,17
2.854847,20,Inf
2.854847,33,19
2.854847,28,20
2.854847,33,15
2.854847,32,23
2.854847,38,20
2.854847,25,24
2.854847,40,20
2.854847,25,16
0.15392,18,Inf
0.15392,22,17
0.15392,23,16
0.15392,28,22
0.15392,47,27
0.15392,22,14
0.15392,28,21
0.15392,21,18
1.488226,38,21
1.488226,37,18
1.488226,28,18
1.488226,30,14
1.488226,36,26
5.781192,38,21
5.781192,40,24
5.781192,31,21
5.781192,46,17
5.781192,48,24
5.781192,33,13
5.781192,36,24
5.781192,26,22
5.781192,31,19
5.781192,25,14
5.781192,23,Inf
2.773123,21,Inf
2.773123,35,28
2.773123,20,Inf
2.773123,22,18
2.773123,32,15
2.773123,28,Inf
2.773123,37,17
0.539561,33,21
0.539561,38,19
0.539561,17,Inf
0.539561,39,24
0.485141,24,22
0.485141,36,31
0.485141,28,Inf
0.485141,24,Inf
0.485141,43,23
0.485141,20,Inf
0.485141,35,17
0.056753,25,18
0.056753,42,16
0.056753,20,18
0.056753,30,15
0.056753,38,16
0.056753,35,20
0.056753,35,17
0.056753,28,15
0.056753,28,16
0.056753,23,18
0.056753,43,17
0.056753,31,26
0.056753,49,15
0.056753,15,Inf
0.056753,43,17
0.136107,30,14
0.136107,29,17
0.136107,40,12
0.136107,37,15
0.136107,48,15
0.136107,30,13
0.136107,33,17
0.136107,40,18
0.136107,18,Inf
0.136107,35,12
0.136107,28,16
0.136107,24,16
0.136107,20,Inf
0.136107,43,15
0.136107,24,17
0.136107,35,13
0.136107,31,21
0.136107,19,19
0.136107,23,Inf
0.032393,28,Inf
0.032393,32,13
0.032393,25,15
0.043367,28,22
0.043367,27,26
0.043367,20,Inf
0.043367,33,22
0.038562,19,17
0.038562,18,15
0.038562,20,Inf
0.038562,35,17
0.038562,40,27
0.038562,17,15
0.038562,24,24
0.038562,25,23
0.038562,15,Inf
0.038562,39,17
0.038562,28,19
0.038562,41,28
0.038562,16,Inf
0.038562,35,26
0.038562,34,21
0.038562,27,15
0.038562,30,13
0.038562,24,15
0.038562,35,Inf
0.038562,31,16
0.038562,20,Inf
0.038562,20,18
0.038562,25,16
1.81584,26,17
1.81584,26,17
1.81584,27,22
1.81584,27,16
1.81584,23,20
1.81584,30,21
1.81584,33,20
1.81584,20,Inf
1.81584,28,17
1.81584,39,23
1.81584,25,19
0.125809,30,21
0.125809,30,18
0.125809,22,15
0.125809,18,Inf
0.125809,21,19
0.125809,31,21
3.765822,20,15
3.765822,28,14
3.765822,22,19
3.765822,18,Inf
3.765822,28,15
3.765822,28,17
3.765822,19,16
3.765822,35,18
3.765822,26,14
3.765822,35,15
3.765822,17,17
3.765822,23,15
3.765822,20,19
3.765822,20,16
2.884223,25,20
2.884223,38,18
2.884223,26,22
2.884223,40,17
2.884223,28,13
2.884223,34,15
2.884223,41,20
2.884223,47,18
2.884223,28,20
2.884223,24,18
2.884223,24,16
2.884223,41,13
2.884223,23,21
2.884223,30,17
2.884223,37,21
0.525029,44,14
0.525029,27,19
0.525029,33,18
0.525029,37,22
0.525029,30,26
0.525029,43,20
0.525029,24,23
0.525029,45,19
0.525029,46,18
0.525029,38,22
0.525029,38,24
2.315583,23,20
2.315583,34,17
2.315583,25,19
2.315583,18,18
2.315583,22,15
2.315583,40,20
2.315583,28,17
2.315583,17,Inf
2.315583,28,15
2.315583,28,15
2.315583,20,16
2.315583,27,15
2.315583,45,22
2.315583,25,17
2.315583,23,22
2.315583,48,17
2.315583,35,16
2.315583,45,20
0.045502,25,16
0.045502,41,16
0.045502,25,Inf
0.045502,34,16
0.045502,26,22
0.045502,26,22
0.045502,25,20
0.045502,25,20
0.045502,30,21
0.045502,32,22
0.045502,31,22
0.045502,22,Inf
0.107968,23,17
0.107968,44,16
0.107968,46,16
0.107968,19,19
0.627089,32,28
0.627089,38,19
0.627089,26,26
0.627089,25,21
0.627089,30,19
0.627089,30,16
0.627089,25,21
0.627089,25,Inf
0.627089,32,24
0.627089,25,22
0.627089,31,31
0.627089,33,31
2.152481,35,22
2.152481,35,16
2.152481,35,16
2.152481,48,22
2.152481,36,16
2.152481,40,15
2.152481,20,19
2.152481,31,20
2.152481,38,19
2.152481,39,16
2.152481,36,16
2.152481,37,15
2.152481,34,20
2.152481,36,18
2.152481,47,17
2.152481,29,13
2.152481,46,17
0.710094,20,17
0.710094,40,18
0.710094,20,15
0.710094,26,21
0.710094,39,18
0.710094,22,16
0.710094,40,14
0.710094,21,17
0.710094,39,16
0.710094,26,18
0.710094,20,20
2.423078,25,17
2.423078,28,18
2.423078,24,15
2.423078,40,16
2.423078,29,19
2.423078,45,12
2.423078,31,18
2.423078,40,14
2.423078,16,16
2.423078,25,14
2.423078,28,16
2.423078,39,13
2.423078,42,17
2.423078,37,20
2.423078,29,14
3.869183,24,Inf
3.869183,21,Inf
3.869183,20,17
3.869183,26,22
3.869183,37,23
3.869183,31,20
3.869183,30,22
3.869183,23,22
3.869183,38,19
3.869183,36,16
3.869183,18,18
3.869183,25,23
3.869183,33,25
3.869183,23,19
0.137479,30,19
0.137479,21,18
0.137479,28,20
0.137479,35,16
0.137479,39,20
0.137479,31,15
0.137479,27,19
0.137479,25,14
0.137479,26,17
0.137479,30,13
0.137479,40,29
0.137479,25,17
0.137479,26,17
1.317149,38,21
1.317149,34,17
1.317149,34,26
1.317149,40,20
1.317149,27,21
1.317149,35,20
1.317149,45,19
1.317149,27,19
1.317149,28,16
1.317149,30,18
1.317149,35,19
1.317149,29,23
1.317149,19,Inf
1.317149,48,18
1.317149,25,22
1.317149,27,22
1.317149,44,19
1.317149,46,20
0.013539,42,22
0.013539,38,24
0.013539,25,19
0.045129,30,20
0.045129,30,18
0.045129,26,15
0.045129,24,17
0.045129,40,19
0.045129,25,23
0.045129,28,19
0.045129,25,19
0.045129,35,22
1.828336,32,18
1.828336,29,19
1.828336,42,15
1.828336,33,18
1.828336,22,19
1.828336,40,20
1.828336,30,17
1.828336,20,16
1.828336,36,18
1.828336,30,22
1.828336,25,24
1.828336,49,21
1.828336,30,15
1.828336,34,21
3.347232,18,14
3.347232,22,19
3.347232,27,13
3.347232,31,15
3.347232,19,18
3.347232,30,14
3.347232,21,20
3.347232,47,18
3.347232,39,16
3.347232,20,19
3.347232,39,17
3.347232,27,20
0.530342,26,26
0.530342,19,Inf
0.530342,28,21
0.530342,23,22
0.530342,32,15
0.530342,22,Inf
0.530342,35,23
0.530342,37,21
0.205777,26,18
0.205777,28,23
0.205777,34,19
0.205777,30,18
0.205777,23,23
0.205777,42,18
0.205777,28,18
0.205777,23,Inf
0.205777,30,22
0.205777,23,23
0.205777,23,21
0.205777,19,18
0.095888,27,17
0.095888,43,16
0.095888,20,18
0.095888,24,16
0.095888,18,17
0.095888,30,18
0.095888,38,22
0.095888,30,21
0.095888,19,17
0.095888,37,16
0.095888,25,16
0.095888,38,15
0.095888,38,15
0.095888,30,16
0.095888,20,17
0.095888,30,18
0.095888,19,19
0.095888,25,15
0.095888,25,17
0.095888,24,15
0.661308,20,19
0.661308,21,20
0.661308,20,18
0.661308,38,14
0.661308,35,21
0.661308,20,18
0.661308,38,14
0.661308,36,20
0.661308,30,19
0.661308,23,19
0.049916,40,20
0.049916,26,19
0.054976,28,27
0.054976,27,13
0.054976,34,15
0.054976,28,26
0.054976,35,18
0.054976,25,23
0.054976,29,21
1.809233,18,18
1.809233,30,Inf
1.809233,20,16
1.809233,48,18
1.809233,25,17
1.809233,17,16
1.809233,25,19
1.809233,32,20
1.809233,30,16
1.809233,48,16
1.809233,26,21
1.809233,25,22
1.809233,20,Inf
1.809233,25,13
1.809233,25,20
1.809233,33,19
0.022155,35,20
0.022155,28,21
0.022155,26,16
0.022155,30,16
0.022155,35,24
2.905353,20,19
2.905353,37,31
2.905353,27,26
2.905353,35,23
2.905353,18,Inf
2.905353,30,18
2.905353,38,22
2.905353,20,13
2.905353,26,17
2.905353,36,18
2.905353,38,16
2.905353,29,20
2.905353,37,19
2.905353,29,27
0.042998,28,14
0.042998,24,21
0.042998,49,18
0.042998,20,20
0.042998,22,Inf
0.042998,30,21
0.042998,40,24
0.437301,19,Inf
1.846572,28,16
1.846572,30,18
1.846572,31,19
1.846572,30,18
1.846572,29,22
1.846572,26,19
1.846572,33,21
1.846572,24,16
1.846572,31,21
1.846572,28,21
1.846572,34,18
1.846572,27,20
0.489805,37,23
0.489805,33,Inf
0.489805,39,23
0.489805,34,15
0.489805,29,17
2.855975,34,18
2.855975,47,16
2.855975,32,18
2.855975,24,12
2.855975,26,26
2.855975,33,13
2.855975,23,Inf
2.855975,20,16
2.855975,36,18
2.855975,30,17
2.855975,36,19
2.855975,20,16
2.855975,32,16
3.991306,21,20
3.991306,29,15
3.991306,30,15
3.991306,38,15
3.991306,31,22
3.991306,23,22
3.991306,29,20
3.991306,17,16
3.991306,18,Inf
3.991306,23,20
3.991306,25,14
3.991306,20,18
3.991306,46,16
3.991306,25,22
3.991306,33,21
3.991306,28,17
3.991306,43,15
3.991306,22,17
0.051196,35,21
0.051196,38,15
0.051196,18,16
0.051196,34,21
0.051196,46,16
0.051196,20,18
0.051196,25,14
0.051196,27,12
0.051196,34,21
0.051196,31,20
0.051196,23,20
0.051196,23,16
0.051196,18,17
0.051196,30,19
0.051196,42,14
0.051196,18,15
0.051196,15,Inf
3.643333,20,18
3.643333,29,27
3.643333,28,17
3.643333,29,Inf
3.643333,20,Inf
3.643333,25,Inf
3.643333,25,16
3.643333,30,Inf
3.643333,26,19
3.643333,28,15
2.256514,22,20
2.256514,36,16
2.256514,34,15
2.256514,46,16
2.256514,28,16
2.256514,18,17
2.256514,24,15
2.256514,45,19
2.256514,23,Inf
2.256514,22,18
2.256514,35,15
2.256514,18,15
2.256514,19,Inf
2.256514,31,19
2.256514,46,17
2.256514,21,18
0.145728,40,17
0.145728,35,18
0.145728,37,17
0.145728,43,14
0.145728,40,20
0.145728,34,12
0.145728,19,18
0.145728,38,26
0.145728,36,14
0.145728,34,21
0.186142,35,22
0.186142,40,22
0.186142,35,22
0.186142,23,18
0.186142,35,17
0.186142,33,19
0.186142,25,23
0.186142,25,21
0.186142,42,29
0.186142,28,17
0.186142,40,28
0.186142,18,18
0.186142,40,19
0.047489,27,24
0.047489,36,14
0.047489,37,14
0.047489,32,15
0.047489,26,21
0.047489,27,13
0.047489,27,16
0.047489,17,Inf
0.047489,30,22
0.047489,29,17
1.939273,18,Inf
1.939273,32,17
1.939273,31,17
1.939273,27,19
1.939273,41,18
1.939273,28,15
1.939273,35,21
1.939273,39,15
1.939273,25,17
1.939273,42,17
0.554853,45,15
0.554853,38,17
0.554853,35,17
0.554853,38,19
0.554853,39,27
0.554853,40,19
0.554853,38,17
0.554853,41,17
0.554853,34,19
0.554853,26,24
3.111082,27,16
3.111082,25,20
3.111082,31,15
3.111082,17,16
3.111082,22,14
3.111082,31,18
3.111082,45,17
3.111082,26,21
3.111082,26,21
3.111082,38,22
3.111082,35,15
3.111082,25,23
0.450923,27,25
0.450923,26,18
0.427583,34,34
0.427583,26,Inf
0.427583,30,23
0.035749,38,22
0.035749,35,22
0.035749,36,18
0.035749,32,18
0.035749,31,13
0.035749,38,13
0.035749,43,13
0.035749,41,19
0.035749,42,17
1.681806,35,18
1.681806,25,22
1.681806,27,15
1.681806,18,17
1.681806,27,17
1.681806,21,18
1.681806,27,19
1.681806,37,20
0.118107,28,23
0.118107,28,16
0.118107,21,20
0.118107,28,17
0.118107,27,24
0.118107,36,16
0.118107,21,19
1.538548,29,15
1.538548,42,15
1.538548,40,15
1.538548,35,17
1.538548,23,22
1.538548,24,19
1.538548,30,16
1.538548,28,20
1.538548,29,16
1.538548,30,17
1.538548,30,21
1.538548,38,20
1.538548,30,17
1.538548,24,23
1.538548,31,18
1.538548,18,16
0.041939,31,22
0.041939,31,23
0.041939,26,18
0.041939,27,23
0.041939,35,33
1.589058,38,24
1.589058,43,16
1.589058,32,24
1.589058,26,21
1.589058,47,34
1.589058,47,16
1.589058,22,17
1.589058,21,21
1.589058,42,18
1.589058,28,15
1.589058,26,18
1.589058,35,14
0.064391,38,16
0.064391,30,Inf
0.064391,21,20
0.064391,39,14
0.064391,36,19
0.064391,32,16
0.064391,36,15
0.064391,33,21
0.064391,27,23
0.064391,35,19
2.017023,25,19
2.017023,22,19
2.017023,18,16
2.017023,27,22
2.017023,15,Inf
2.017023,28,18
2.017023,28,17
2.017023,34,21
2.017023,42,20
2.017023,25,16
2.491319,22,15
2.491319,41,17
2.491319,25,16
2.491319,19,Inf
2.491319,35,21
2.491319,35,12
2.491319,32,17
2.491319,20,17
2.491319,27,16
2.010528,23,19
2.010528,44,14
2.010528,49,20
2.010528,25,18
2.010528,37,21
2.010528,30,17
2.010528,36,16
2.010528,32,17
2.010528,30,19
2.010528,25,24
2.010528,18,Inf
2.010528,28,17
2.010528,38,21
0.708431,26,19
0.708431,32,29
0.708431,27,20
0.708431,29,24
0.708431,21,Inf
0.708431,31,20
0.708431,27,Inf
0.708431,31,27
0.708431,40,30
0.708431,20,Inf
3.456862,36,26
3.456862,38,19
3.456862,30,15
3.456862,33,16
3.456862,17,16
3.456862,40,15
3.456862,28,19
3.456862,27,17
3.456862,30,17
3.456862,28,15
3.456862,40,27
3.456862,19,19
3.456862,25,15
3.456862,25,17
3.456862,30,16
1.426526,43,22
1.426526,23,20
1.426526,40,20
1.426526,42,17
1.426526,23,19
1.426526,26,19
1.426526,43,21
1.426526,30,18
1.426526,20,19
1.426526,24,16
1.426526,42,27
1.426526,37,27
1.426526,26,16
1.426526,35,21
1.426526,41,21
2.029012,35,16
2.029012,25,17
2.029012,25,21
2.029012,43,17
2.029012,18,Inf
2.029012,22,17
2.029012,34,19
2.029012,39,20
2.029012,33,16
2.029012,40,15
2.029012,33,15
2.029012,38,20
2.029012,30,20
2.029012,47,22
2.029012,30,20
2.029012,25,20
2.029012,41,16
0.69931,31,19
0.69931,42,20
0.69931,32,25
0.69931,30,19
0.69931,20,16
0.69931,35,16
0.69931,44,18
0.69931,19,Inf
0.69931,46,21
0.69931,22,18
0.69931,31,17
0.69931,32,19
0.547845,23,21
0.547845,38,18
0.547845,26,14
0.547845,28,20
0.547845,20,19
0.547845,28,20
0.547845,29,20
0.619484,41,16
0.619484,45,19
0.619484,40,14
0.619484,38,32
0.619484,34,15
0.619484,31,21
0.619484,45,20
0.619484,44,19
0.619484,43,15
0.619484,42,14
0.619484,36,21
0.619484,34,18
2.832818,35,24
2.832818,41,22
2.832818,28,20
2.832818,30,17
2.832818,37,23
2.832818,31,21
2.832818,39,Inf
0.05561,32,24
0.05561,20,19
0.192455,25,20
0.192455,27,16
0.192455,20,16
4.477164,29,23
4.477164,45,23
4.477164,18,Inf
4.477164,28,17
4.477164,27,16
2.005779,28,17
2.005779,38,15
2.005779,27,23
2.005779,26,17
2.005779,47,27
2.005779,33,21
2.005779,30,17
2.005779,31,20
2.005779,38,17
0.564132,26,22
0.564132,35,25
0.564132,39,27
0.564132,20,Inf
0.564132,27,23
0.564132,28,25
0.564132,19,Inf
0.564132,32,27
0.564132,24,23
0.564132,18,Inf
0.066556,20,20
0.066556,39,15
0.066556,31,19
0.066556,20,19
0.066556,23,23
0.066556,27,15
0.066556,24,16
0.066556,29,16
0.066556,27,15
2.405428,18,17
2.405428,24,20
2.405428,47,17
2.405428,35,17
2.405428,43,22
2.405428,26,18
2.405428,29,17
2.405428,16,Inf
2.405428,27,14
2.405428,24,18
2.405428,35,27
2.405428,39,14
2.405428,23,16
2.405428,21,Inf
2.405428,31,19
0.129214,27,14
0.129214,33,20
0.288518,20,Inf
0.288518,25,21
0.288518,25,17
0.288518,20,Inf
0.288518,43,17
0.288518,30,Inf
0.288518,22,18
0.520739,35,22
0.520739,30,15
0.520739,22,16
0.520739,27,21
0.520739,20,18
0.520739,32,15
0.520739,19,Inf
0.063946,20,19
0.063946,18,Inf
0.063946,45,23
0.063946,21,Inf
0.063946,25,Inf
0.063946,26,24
0.063946,30,13
0.063946,45,14
0.063946,30,14
3.009365,33,15
3.009365,27,19
3.009365,28,16
3.009365,29,Inf
3.009365,38,20
3.009365,38,27
3.009365,28,14
3.009365,33,19
3.009365,29,15
3.009365,27,21
3.009365,31,14
3.009365,30,16
3.009365,42,14
3.009365,32,18
3.009365,42,17
3.009365,33,30
3.009365,34,19
0.037491,35,27
0.037491,26,14
0.037491,44,20
0.037491,18,Inf
0.037491,22,Inf
0.037491,26,19
0.037491,32,25
0.037491,38,22
0.037491,30,15
0.037491,30,17
0.037491,24,23
0.037491,41,17
1.949977,37,19
1.949977,38,18
1.949977,21,19
1.949977,32,16
1.949977,32,24
1.949977,26,20
1.949977,28,21
1.949977,42,22
1.949977,48,24
1.949977,29,15
1.949977,25,24
0.116913,20,19
0.116913,32,18
1.525999,19,Inf
1.525999,29,17
1.525999,24,22
1.525999,40,22
0.126157,28,27
0.126157,33,19
0.126157,34,28
0.126157,22,22
0.126157,31,16
0.126157,20,14
0.040571,27,19
0.040571,25,17
0.040571,35,22
0.040571,18,16
0.040571,28,20
0.040571,30,16
0.040571,18,16
0.040571,31,21
0.040571,30,16
0.040571,21,17
1.679159,23,19
1.679159,28,18
1.679159,31,18
1.679159,38,18
1.679159,28,24
1.679159,37,18
1.679159,34,17
1.679159,23,20
1.679159,20,Inf
1.975031,40,16
1.975031,24,23
1.975031,27,Inf
1.975031,40,17
1.975031,38,17
1.975031,29,20
1.975031,42,26
1.975031,21,21
1.975031,42,20
1.975031,27,16
1.975031,37,15
1.975031,34,17
0.23563,42,17
0.23563,23,18
0.23563,35,16
0.23563,24,Inf
0.23563,47,17
0.23563,22,16
0.23563,27,20
1.744384,43,23
1.744384,40,24
1.744384,27,19
1.744384,46,25
1.744384,26,15
1.744384,32,18
1.744384,40,20
1.744384,33,18
1.744384,24,Inf
1.744384,25,22
1.744384,33,26
1.744384,47,21
3.603921,30,17
3.603921,18,17
3.603921,25,16
3.603921,23,16
3.603921,19,18
3.603921,32,14
3.603921,30,15
3.603921,25,18
3.603921,32,16
3.603921,35,16
3.603921,25,16
3.603921,24,17
3.603921,32,23
3.603921,16,Inf
3.603921,31,16
0.005972,42,20
0.005972,40,25
0.005972,28,18
0.005972,30,19
0.005972,25,22
0.095891,23,16
0.095891,45,18
0.095891,29,18
0.095891,25,19
0.095891,45,19
0.095891,18,Inf
0.095891,35,20
0.095891,30,13
0.095891,25,22
0.095891,26,19
0.095891,30,15
0.095891,28,20
0.388463,38,21
0.388463,47,27
0.388463,28,22
0.388463,29,17
0.388463,21,17
2.719437,28,18
2.719437,36,14
2.719437,48,18
2.719437,36,22
2.719437,25,19
2.719437,24,16
2.719437,20,16
2.719437,30,17
2.719437,25,18
2.719437,39,17
0.136932,31,16
0.136932,28,16
0.136932,25,16
0.136932,38,18
0.136932,43,15
0.136932,24,14
0.136932,17,Inf
0.136932,22,19
0.136932,20,19
0.136932,29,16
1.322001,27,16
1.322001,18,Inf
1.322001,18,Inf
1.322001,26,23
1.322001,32,16
1.322001,26,18
1.322001,32,19
1.322001,45,15
1.322001,25,18
1.322001,45,18
1.322001,18,18
1.322001,36,25
1.322001,38,13
1.322001,22,18
1.322001,38,16
1.322001,42,16
1.322001,25,16
1.322001,37,23
1.322001,18,16
0.050022,37,18
0.050022,22,19
0.050022,45,27
0.050022,35,26
0.050022,20,13
0.050022,30,17
0.050022,40,20
0.050022,17,Inf
0.050022,20,18
0.050022,26,17
0.050022,35,21
0.050022,23,21
0.050022,30,13
0.050022,35,20
0.050022,19,12
0.050022,20,Inf
0.050022,33,19
0.050022,25,20
0.065337,35,14
0.065337,24,24
0.065337,43,24
0.065337,41,18
0.065337,30,18
0.065337,33,13
0.065337,25,21
0.065337,25,21
0.065337,35,15
0.065337,25,21
0.065337,30,16
0.065337,37,20
0.065337,36,19
0.169804,35,19
0.169804,35,18
0.169804,35,17
0.169804,32,20
0.169804,21,16
0.169804,19,17
0.169804,38,18
0.169804,30,17
0.169804,28,18
0.169804,28,16
0.169804,43,24
0.169804,40,16
0.169804,40,20
0.169804,35,28
2.340436,35,12
2.340436,30,18
2.340436,25,17
2.340436,30,16
2.340436,26,17
2.340436,41,22
2.340436,30,16
2.340436,28,14
2.340436,25,22
2.340436,34,16
2.340436,35,16
2.433515,26,17
2.433515,37,19
2.433515,40,17
2.433515,28,12
2.433515,37,17
2.433515,25,15
2.433515,32,17
2.433515,30,18
2.433515,29,28
2.433515,27,21
2.433515,30,16
2.433515,19,Inf
2.433515,35,21
2.313244,31,16
2.313244,33,17
2.313244,25,25
2.313244,24,13
2.313244,22,14
2.313244,48,20
2.313244,26,19
2.313244,30,17
2.313244,37,22
2.313244,23,21
0.057399,25,25
0.057399,24,Inf
0.057399,30,26
0.337383,22,19
0.337383,30,21
0.337383,39,27
0.337383,33,20
0.337383,22,16
0.337383,20,15
0.337383,22,19
0.389571,25,16
0.389571,19,15
0.389571,20,20
0.389571,30,15
0.389571,40,16
2.651529,36,17
2.651529,25,21
2.651529,20,15
2.651529,32,19
2.651529,18,16
2.651529,18,Inf
2.651529,22,15
2.651529,24,21
2.651529,32,17
2.651529,28,13
2.651529,30,15
2.651529,44,24
2.651529,28,27
2.651529,31,20
2.651529,25,15
0.087088,41,25
0.087088,40,28
0.087088,27,18
0.087088,48,17
0.087088,22,20
0.087088,33,24
0.087088,30,22
0.087088,25,18
0.087088,42,20
0.087088,39,18
0.087088,20,17
0.087088,20,19
0.087088,35,21
0.087088,30,22
0.087088,35,19
2.444519,48,20
2.444519,21,19
2.444519,26,12
2.444519,25,18
2.444519,41,23
2.444519,20,19
2.444519,34,21
2.444519,45,15
0.041967,21,Inf
0.041967,25,19
0.041967,30,22
0.041967,24,22
0.041967,42,21
0.041967,20,19
0.041967,19,Inf
0.041967,30,16
0.041967,23,16
0.041967,19,Inf
0.041967,32,24
0.041967,17,Inf
0.071243,38,17
0.071243,45,20
0.071243,30,20
0.071243,22,16
0.071243,27,27
0.071243,32,16
0.071243,19,17
0.071243,26,19
0.071243,41,18
0.071243,20,Inf
0.28743,35,28
0.28743,27,18
0.28743,25,16
0.28743,30,20
0.28743,20,18
0.28743,34,14
0.28743,34,19
0.28743,28,14
0.28743,27,24
0.28743,27,19
0.28743,25,16
0.420029,20,13
0.420029,20,Inf
0.420029,36,16
0.420029,26,14
0.420029,27,17
0.420029,25,15
0.420029,37,18
0.420029,38,20
0.420029,37,22
0.420029,33,19
0.420029,16,Inf
5.712597,27,16
5.712597,28,17
5.712597,23,18
5.712597,28,20
5.712597,28,19
5.712597,47,25
5.712597,27,13
5.712597,26,15
5.712597,27,16
5.712597,20,20
5.712597,28,18
5.712597,33,21
5.712597,20,20
5.712597,35,24
5.712597,22,15
5.712597,30,17
5.712597,41,25
5.712597,18,16
5.712597,33,13
0.997442,40,14
0.997442,30,20
0.997442,20,17
0.997442,38,19
0.997442,28,16
0.997442,30,16
1.1048,35,17
1.1048,38,17
1.1048,35,18
1.1048,27,15
1.1048,34,17
1.1048,35,15
1.1048,34,18
1.1048,20,Inf
1.1048,42,17
0.591263,31,25
0.591263,27,24
0.591263,38,Inf
0.591263,26,Inf
0.591263,33,19
0.591263,24,Inf
0.591263,21,20
0.591263,23,Inf
0.591263,23,14
0.591263,45,20
0.14397,35,13
0.14397,20,Inf
0.14397,35,14
0.14397,30,15
0.14397,33,14
0.14397,42,15
0.14397,29,15
0.14397,48,23
0.14397,33,16
0.14397,31,20
0.14397,25,Inf
0.14397,27,17
0.034522,45,20
0.034522,30,25
0.034522,36,27
0.034522,20,20
0.067744,25,25
0.067744,35,21
0.067744,34,19
0.009807,22,13
0.009807,46,18
0.009807,18,17
0.009807,35,20
1.88588,32,25
1.88588,27,25
1.88588,34,19
1.88588,34,20
1.88588,31,22
1.88588,47,19
1.88588,21,Inf
1.88588,30,18
1.88588,32,18
1.88588,30,19
1.88588,31,19
1.88588,29,23
1.88588,18,Inf
1.88588,32,25
0.916778,27,17
0.916778,33,14
0.916778,32,16
0.916778,43,14
0.916778,23,Inf
0.916778,23,19
0.916778,33,20
0.916778,36,18
0.916778,27,19
0.916778,29,20
0.487009,45,24
0.487009,35,26
0.487009,26,24
0.487009,36,20
0.487009,36,34
0.487009,26,22
0.487009,39,31
0.487009,45,31
0.487009,33,24
0.487009,40,27
0.278404,39,19
0.278404,23,19
0.278404,30,16
0.278404,28,18
0.278404,40,17
0.278404,40,19
0.278404,20,18
0.278404,23,19
0.278404,47,27
0.153906,35,18
0.153906,23,Inf
0.153906,28,15
0.153906,43,14
0.153906,20,Inf
0.153906,18,Inf
0.153906,34,13
0.153906,40,15
0.153906,35,18
0.153906,38,17
0.153906,38,14
0.153906,36,15
0.153906,28,15
2.364831,20,18
2.364831,23,17
2.364831,17,Inf
2.364831,23,20
2.364831,38,14
2.364831,26,18
2.364831,18,18
2.364831,38,19
2.364831,31,15
2.364831,25,18
2.364831,25,21
2.364831,27,19
2.364831,41,21
2.364831,38,27
2.364831,44,19
1.082861,45,18
1.082861,27,19
1.082861,17,Inf
1.082861,28,17
1.082861,31,23
0.026157,23,14
0.026157,26,16
0.026157,30,15
1.120657,23,18
1.120657,35,19
1.120657,24,16
1.120657,24,17
1.120657,42,19
1.120657,48,16
1.120657,32,18
1.120657,38,20
1.120657,17,Inf
1.120657,28,17
1.120657,25,21
1.120657,20,19
1.120657,22,18
1.120657,38,22
1.120657,30,18
0.042716,21,Inf
0.042716,18,16
0.042716,49,22
0.042716,48,19
0.042716,37,14
0.042716,22,19
0.170933,36,20
0.170933,38,18
0.170933,28,19
0.170933,27,16
0.170933,39,18
0.170933,39,16
0.203052,19,Inf
0.203052,40,17
0.203052,30,20
0.203052,26,20
0.203052,27,18
0.203052,31,18
0.203052,30,15
0.203052,43,19
0.203052,24,20
0.203052,39,18
0.086246,45,14
0.086246,34,23
0.086246,42,18
0.086246,30,18
0.086246,29,15
0.086246,19,14
0.086246,24,24
0.086246,31,16
0.086246,35,31
0.086246,24,17
0.772918,38,21
0.772918,21,20
0.772918,38,20
0.772918,23,18
0.772918,48,16
0.662472,20,15
0.662472,40,17
0.662472,32,17
0.662472,45,23
0.662472,16,16
0.662472,18,17
0.662472,15,Inf
0.662472,33,15
0.662472,38,12
0.662472,18,16
0.662472,44,18
0.662472,18,17
0.662472,25,17
0.662472,35,16
0.662472,32,21
0.662472,36,18
0.064684,44,18
0.064684,44,20
0.064684,34,22
0.064684,30,13
0.064684,24,19
0.064684,23,16
0.064684,31,Inf
0.064684,26,Inf
0.064684,40,17
0.064684,24,Inf
0.064684,30,13
0.130536,35,15
0.130536,25,22
0.130536,18,17
0.033104,22,22
0.033104,15,Inf
0.033104,21,16
0.033104,45,20
0.033104,30,18
0.033104,36,23
0.033104,31,19
0.033104,30,18
0.033104,25,21
0.033104,20,17
0.033104,25,20
0.033104,30,19
0.033104,20,19
0.033104,22,19
0.033104,22,17
0.033104,20,Inf
0.033104,29,21
0.033104,26,23
0.033104,46,20
2.643866,42,15
2.643866,40,21
2.643866,39,16
2.643866,49,14
2.643866,38,18
2.643866,17,Inf
2.643866,28,15
2.643866,26,15
2.643866,33,23
2.643866,17,17
2.643866,36,25
2.643866,35,19
2.643866,28,15
2.643866,30,26
2.643866,30,25
0.415363,27,14
0.415363,35,21
0.415363,15,Inf
0.415363,25,14
0.415363,29,21
0.415363,28,18
0.415363,35,15
0.415363,30,17
0.415363,22,22
0.415363,27,19
0.415363,35,23
0.074048,18,Inf
0.074048,28,18
0.074048,30,15
0.074048,38,18
0.074048,23,17
0.074048,40,15
0.074048,26,20
0.074048,20,19
0.074048,18,Inf
0.074048,28,17
0.074048,19,18
0.074048,35,21
0.074048,37,17
0.074048,28,25
2.206645,38,12
2.206645,33,17
2.206645,22,16
2.206645,30,23
2.206645,31,18
2.206645,25,19
2.206645,20,Inf
2.206645,32,16
2.206645,40,23
2.206645,24,20
2.206645,21,Inf
2.206645,32,23
2.206645,39,18
2.206645,22,20
2.206645,20,Inf
2.206645,35,15
2.206645,24,15
2.206645,29,18
2.206645,17,16
2.206645,42,15
2.206645,33,18
0.082214,21,18
0.082214,30,16
0.082214,35,17
0.082214,28,19
0.082214,40,15
0.082214,32,17
0.082214,25,22
0.082214,20,Inf
0.082214,40,22
0.082214,37,17
0.082214,40,24
0.082214,40,27
0.082214,32,17
0.479933,32,23
0.479933,33,20
0.479933,32,29
0.479933,47,18
0.220223,19,17
0.220223,18,17
0.220223,40,19
0.220223,39,24
0.220223,24,21
0.220223,20,20
0.220223,30,Inf
0.220223,22,17
4.012839,42,19
4.012839,22,14
4.012839,27,20
4.012839,28,16
4.012839,18,17
4.012839,22,19
4.012839,32,14
4.012839,30,15
4.012839,30,14
4.012839,25,22
4.012839,23,17
4.012839,31,16
4.012839,20,14
4.012839,33,16
4.012839,47,22
4.012839,15,14
4.012839,34,21
0.135742,30,15
0.135742,30,15
0.135742,22,16
0.135742,21,16
0.135742,20,14
0.135742,25,21
0.135742,27,16
0.135742,35,21
0.135742,45,14
0.176585,45,15
0.176585,29,16
0.176585,29,16
0.176585,35,17
0.176585,28,21
0.176585,21,16
0.176585,35,22
0.176585,23,15
0.176585,26,17
0.176585,29,18
0.176585,29,17
0.176585,26,25
1.939098,26,14
1.939098,37,16
1.939098,35,15
1.939098,28,17
1.939098,48,16
1.939098,30,14
1.939098,27,19
1.939098,49,16
1.939098,25,22
2.777036,20,19
2.777036,20,18
2.777036,20,20
2.777036,24,18
2.777036,40,26
2.777036,23,16
2.777036,29,18
2.777036,24,18
2.777036,15,Inf
2.777036,22,16
2.777036,40,23
2.777036,36,26
2.777036,20,20
2.777036,32,20
2.777036,24,18
2.777036,46,16
0.101962,26,18
0.101962,20,17
0.101962,25,19
0.101962,20,20
0.423125,35,21
0.423125,30,17
0.423125,46,16
0.423125,25,16
0.423125,37,20
0.423125,29,26
0.423125,30,18
0.423125,28,18
0.423125,32,19
0.423125,30,22
0.423125,30,16
0.423125,30,19
0.423125,20,Inf
0.423125,32,21
0.423125,29,16
0.423125,26,24
0.423125,17,17
0.423125,25,Inf
0.13882,48,20
0.13882,30,Inf
0.13882,25,20
0.13882,28,15
0.13882,28,23
0.13882,24,17
0.13882,22,18
0.13882,28,24
0.13882,24,15
0.255951,29,16
0.255951,35,Inf
0.255951,35,23
0.255951,28,15
0.255951,30,Inf
0.059371,28,19
0.059371,28,18
0.059371,45,17
1.070663,25,17
1.070663,23,22
1.070663,38,18
1.070663,29,14
1.070663,30,16
1.070663,38,17
1.070663,28,26
1.070663,25,18
1.070663,39,14
1.070663,34,16
1.070663,35,20
1.070663,19,18
1.070663,42,Inf
0.216112,24,22
0.216112,45,23
0.216112,26,15
0.216112,31,16
0.216112,25,17
0.216112,31,18
0.216112,19,18
0.216112,28,18
0.216112,35,20
0.216112,25,21
0.216112,25,18
0.216112,29,21
0.216112,38,Inf
0.216112,25,21
2.86192,40,17
2.86192,20,20
2.86192,20,15
2.86192,34,16
2.86192,39,19
2.86192,24,16
2.86192,33,21
2.86192,28,15
2.86192,24,21
2.86192,25,17
2.86192,38,17
2.86192,32,16
0.803805,19,Inf
0.803805,45,18
0.803805,30,15
0.803805,23,16
0.803805,26,20
0.803805,27,16
0.803805,29,24
0.803805,42,19
0.803805,24,Inf
0.803805,31,16
0.803805,21,19
0.803805,33,18
0.803805,45,19
0.803805,35,17
3.432214,24,16
3.432214,31,17
3.432214,22,16
3.432214,21,13
3.432214,42,17
3.432214,32,15
3.432214,27,16
3.432214,25,22
3.432214,35,22
3.432214,23,15
3.432214,33,15
2.024282,18,15
2.024282,35,19
2.024282,25,21
2.024282,46,19
2.024282,46,20
2.024282,30,19
2.024282,34,25
2.024282,40,18
2.024282,45,18
2.024282,24,22
2.443619,40,18
2.443619,27,19
2.443619,19,18
2.443619,25,20
2.443619,22,17
2.443619,30,23
2.443619,19,17
2.443619,22,19
2.443619,22,17
2.443619,42,24
2.443619,27,20
2.443619,35,18
2.443619,25,17
2.443619,18,15
2.443619,22,18
2.443619,20,19
2.443619,20,18
2.443619,36,15
0.442179,27,Inf
0.442179,21,17
0.442179,24,18
0.442179,30,16
0.442179,30,23
0.442179,24,23
0.442179,32,16
0.442179,16,Inf
0.442179,29,19
0.442179,25,Inf
0.041585,41,15
0.041585,30,16
0.041585,23,14
0.041585,40,14
0.041585,27,15
0.041585,23,15
0.041585,27,16
0.041585,22,16
0.041585,20,19
0.041585,28,15
0.245119,22,16
0.245119,25,17
0.245119,25,17
0.245119,32,19
0.245119,28,16
0.548271,27,17
0.548271,29,16
0.548271,22,22
0.548271,40,29
0.548271,26,16
0.548271,35,17
0.548271,49,24
0.551954,25,19
0.551954,40,29
0.551954,16,Inf
0.551954,22,20
0.551954,22,21
0.551954,20,18
0.551954,48,17
0.551954,30,19
0.551954,26,18
0.551954,20,Inf
0.551954,30,17
0.598566,45,19
0.598566,35,18
0.598566,27,19
0.598566,28,21
0.598566,35,19
0.598566,37,17
0.598566,42,20
0.598566,27,21
0.046816,28,22
0.046816,23,16
0.046816,29,16
0.046816,25,25
0.046816,22,21
0.046816,27,19
0.046816,38,18
0.046816,30,15
0.046816,16,Inf
1.402458,33,15
1.402458,34,14
1.402458,30,15
1.402458,22,16
1.402458,22,18
1.402458,31,18
1.402458,29,18
1.402458,16,Inf
1.402458,28,17
1.402458,21,19
1.402458,25,19
1.402458,19,16
1.402458,39,18
1.402458,39,17
1.402458,24,15
1.402458,41,19
1.402458,38,13
1.402458,22,16
1.402458,19,Inf
1.402458,17,14
1.402458,44,14
0.041095,27,13
0.041095,30,16
0.041095,31,16
0.041095,35,16
0.041095,45,24
0.041095,26,25
0.041095,29,19
0.143132,22,Inf
0.143132,38,27
0.143132,21,Inf
0.143132,28,Inf
0.143132,30,15
1.931267,39,17
1.931267,44,15
1.931267,20,19
1.931267,46,19
1.931267,38,16
1.931267,18,17
1.931267,35,15
1.931267,28,16
1.931267,29,15
1.931267,30,20
0.654332,24,Inf
0.654332,46,18
0.654332,38,25
0.654332,31,20
0.654332,29,19
0.654332,27,25
0.654332,28,13
0.654332,27,19
0.654332,28,24
0.654332,43,16
2.174342,31,16
2.174342,33,18
2.174342,28,17
2.174342,27,15
2.174342,31,18
2.174342,27,20
2.174342,24,20
2.174342,33,15
2.174342,44,Inf
2.174342,22,20
2.174342,28,17
2.174342,25,18
2.174342,21,17
2.174342,25,19
0.026264,29,22
0.0466,18,Inf
0.0466,30,23
0.0466,35,19
0.0466,16,15
0.076355,48,24
0.076355,30,17
0.076355,15,Inf
0.076355,30,18
0.076355,26,17
0.076355,30,16
0.076355,35,21
0.076355,24,22
0.076355,27,15
0.076355,43,16
0.11979,46,21
0.11979,40,15
0.11979,38,16
0.11979,42,18
0.11979,36,28
0.11979,30,18
0.11979,30,13
0.11979,45,17
0.11979,42,13
0.11979,40,17
0.11979,35,16
0.11979,36,18
0.11979,35,15
0.11979,32,14
0.11979,40,14
0.164504,25,15
0.164504,28,23
0.164504,32,14
0.164504,36,16
0.164504,28,17
0.164504,42,19
0.164504,30,22
0.164504,32,17
0.164504,49,16
0.825455,35,23
0.825455,30,17
0.825455,33,19
0.825455,39,13
0.825455,23,17
0.825455,26,21
0.825455,36,21
0.825455,36,19
0.825455,23,17
0.465551,46,19
0.465551,26,20
0.465551,40,20
0.031765,32,16
0.031765,32,19
0.031765,41,18
0.031765,21,18
0.031765,35,15
0.031765,20,17
2.681207,37,18
2.681207,45,17
2.681207,31,17
2.681207,42,26
2.681207,38,20
2.681207,32,25
2.681207,22,21
2.681207,27,16
2.681207,48,16
2.681207,38,20
2.681207,22,20
2.681207,27,16
4.987751,17,16
4.987751,25,13
4.987751,30,18
4.987751,32,18
4.987751,21,20
4.987751,30,16
4.987751,24,19
4.987751,32,17
4.987751,37,16
4.987751,23,18
0.218504,43,18
0.218504,24,23
0.218504,46,17
0.218504,25,15
0.218504,29,15
0.218504,48,14
0.218504,16,Inf
0.218504,25,16
0.218504,33,16
0.218504,22,21
0.218504,18,15
0.218504,25,16
0.218504,32,29
0.044574,25,17
0.657474,40,18
0.657474,22,15
0.657474,40,18
0.657474,32,19
0.657474,44,17
0.657474,23,20
0.657474,34,20
0.657474,28,17
0.657474,42,15
0.657474,33,17
0.657474,28,15
0.657474,23,20
0.657474,31,16
0.657474,36,22
0.657474,28,14
0.85526,25,21
0.85526,33,25
0.85526,29,27
0.85526,44,19
0.85526,27,22
0.85526,38,21
0.85526,40,23
0.85526,42,14
0.85526,31,21
0.85526,43,22
0.057883,27,Inf
0.057883,34,20
0.057883,48,21
0.057883,45,20
0.057883,30,Inf
0.042693,43,22
0.042693,26,16
0.042693,28,16
0.042693,23,Inf
0.042693,30,19
0.042693,18,17
0.042693,35,21
0.042693,21,16
0.042693,15,Inf
0.042693,20,19
0.042693,26,22
0.042693,39,21
0.042693,18,17
0.430932,22,18
0.430932,27,Inf
0.430932,25,21
0.430932,24,Inf
0.430932,42,Inf
0.430932,28,17
0.430932,36,21
0.430932,26,Inf
0.430932,19,Inf
0.430932,30,26
0.430932,26,23
3.379832,32,13
3.379832,30,14
3.379832,28,21
3.379832,20,19
3.379832,42,14
3.379832,21,20
3.379832,36,19
3.379832,26,21
3.379832,20,16
3.379832,21,14
3.379832,20,15
3.379832,36,23
3.379832,35,14
3.379832,49,18
2.42289,22,22
2.42289,35,28
2.42289,34,19
2.42289,40,28
2.42289,26,21
2.42289,25,Inf
2.42289,29,15
2.42289,21,18
2.42289,47,29
2.42289,46,26
2.42289,31,20
3.267241,37,16
3.267241,38,18
3.267241,25,22
3.267241,24,17
3.267241,41,16
3.267241,21,Inf
3.267241,25,Inf
3.267241,20,Inf
3.267241,45,13
0.678409,35,12
0.678409,19,Inf
0.678409,22,18
0.678409,45,17
0.678409,20,19
0.07159,48,30
0.07159,32,13
0.07159,33,19
0.07159,24,18
0.07159,38,17
0.07159,30,24
0.07159,30,28
0.034093,41,20
0.034093,18,Inf
0.129646,42,20
0.129646,27,22
0.129646,22,19
0.129646,28,15
0.129646,27,23
0.129646,35,16
0.129646,30,23
0.129646,30,26
0.129646,28,16
0.129646,35,22
0.129646,30,22
0.129646,30,21
0.129646,20,18
0.129646,42,17
1.836606,25,15
1.836606,27,14
1.836606,27,17
1.836606,29,18
1.836606,33,18
1.836606,35,14
1.836606,23,23
1.836606,25,17
1.836606,27,15
1.836606,45,21
1.836606,27,20
1.836606,35,16
1.836606,37,16
1.836606,41,14
1.836606,22,21
1.875213,28,17
1.875213,25,15
1.875213,49,18
1.875213,30,17
1.875213,25,20
1.875213,28,16
1.875213,47,19
1.875213,21,Inf
1.875213,26,23
1.875213,33,19
1.875213,41,16
1.875213,42,17
1.875213,44,16
0.012976,22,16
0.012976,20,18
0.012976,32,21
0.012976,24,15
0.012976,23,17
0.012976,28,20
0.012976,24,18
3.029159,33,21
3.029159,39,17
3.029159,27,14
3.029159,30,21
3.029159,30,23
3.029159,35,21
3.029159,28,18
3.029159,22,20
3.029159,30,18
3.029159,28,16
3.029159,31,18
3.029159,29,17
3.029159,32,19
3.029159,35,17
0.032634,21,17
0.032634,20,15
0.032634,32,23
0.032634,28,16
0.032634,26,18
0.032634,39,21
0.032634,30,17
0.032634,48,18
0.032634,22,18
0.032634,20,15
0.032634,25,21
0.092881,28,21
0.092881,28,22
0.092881,25,18
0.092881,16,Inf
0.092881,17,Inf
0.092881,24,16
0.092881,30,19
0.092881,25,18
0.092881,30,18
0.092881,25,18
0.092881,35,27
0.092881,35,22
0.092881,25,17
0.048339,20,19
0.048339,33,14
0.048339,30,19
0.048339,40,17
0.048339,22,Inf
0.048339,41,15
0.048339,20,19
0.048339,24,20
0.048339,30,22
0.708749,28,19
0.708749,34,20
0.708749,47,15
0.708749,29,18
0.708749,31,21
0.708749,40,26
0.708749,33,22
0.708749,42,22
3.882808,25,Inf
3.882808,24,22
3.882808,29,14
3.882808,29,24
3.882808,35,16
3.882808,35,21
3.882808,27,19
3.882808,28,16
0.08347,45,18
0.08347,40,16
0.08347,30,28
0.08347,25,Inf
0.08347,30,17
0.442586,37,18
0.442586,38,29
0.442586,30,19
0.442586,47,30
0.442586,31,Inf
0.442586,40,22
0.442586,28,18
0.442586,37,19
1.973609,43,19
1.973609,40,15
1.973609,40,19
1.973609,29,17
1.973609,32,12
1.973609,26,22
1.973609,46,19
1.973609,40,15
1.973609,35,16
1.973609,36,18
1.973609,40,15
1.676267,28,17
1.676267,35,15
1.676267,38,15
1.676267,36,17
1.676267,41,17
1.676267,31,14
1.676267,30,18
1.676267,36,16
1.676267,34,19
1.676267,21,12
1.676267,25,22
0.162084,35,16
0.324169,24,17
0.324169,20,Inf
0.324169,30,25
0.324169,23,21
0.324169,31,22
0.324169,24,17
0.060894,45,17
0.060894,22,Inf
0.060894,26,19
0.186708,32,16
0.186708,31,17
0.186708,33,20
0.186708,43,20
0.186708,28,18
0.186708,18,17
0.186708,30,14
0.186708,26,16
0.186708,30,17
2.211171,30,15
2.211171,27,18
2.211171,31,18
2.211171,43,13
2.211171,31,20
2.211171,25,16
2.211171,32,22
2.211171,26,18
2.211171,22,17
2.211171,25,19
2.211171,35,25
2.211171,22,12
2.211171,25,15
2.211171,24,16
2.211171,35,20
2.211171,29,15
2.211171,38,24
2.211171,30,23
2.211171,26,20
1.129493,25,22
1.129493,21,Inf
1.129493,38,18
1.129493,26,23
1.129493,29,24
1.129493,25,17
1.129493,33,25
1.129493,26,24
1.129493,28,16
1.129493,22,22
1.129493,35,19
1.129493,26,20
1.129493,24,18
1.129493,21,18
1.129493,23,22
0.637581,28,27
0.637581,33,15
0.637581,31,17
0.637581,30,24
0.637581,46,21
0.627374,25,19
0.627374,37,17
0.627374,26,20
0.627374,22,19
0.627374,32,16
0.627374,40,18
0.627374,21,20
0.627374,40,20
0.627374,25,20
0.627374,38,17
0.627374,25,Inf
2.062891,24,21
2.062891,42,20
2.062891,28,15
2.062891,42,18
2.062891,34,22
2.062891,26,16
2.062891,36,17
2.062891,32,20
2.062891,33,19
2.062891,37,19
2.062891,33,14
2.062891,31,22
2.062891,30,22
2.062891,23,21
2.062891,27,20
1.447023,38,13
1.447023,33,25
1.447023,30,17
1.447023,44,16
1.447023,19,16
1.447023,17,Inf
1.447023,27,16
1.447023,40,14
1.447023,32,18
1.447023,18,Inf
0.463521,28,27
0.463521,37,Inf
0.463521,31,20
0.463521,40,21
0.463521,26,17
0.463521,22,Inf
0.463521,46,33
0.463521,34,28
0.463521,29,23
3.057485,34,16
3.057485,18,Inf
3.057485,27,26
3.057485,30,17
3.057485,28,23
0.470045,20,18
0.470045,19,Inf
0.470045,28,24
0.470045,25,21
0.470045,43,18
0.470045,40,22
0.470045,17,16
0.470045,20,16
0.470045,32,16
0.470045,31,23
0.470045,31,23
0.112815,49,22
0.112815,20,17
0.112815,33,15
0.112815,23,19
0.112815,25,17
0.112815,40,13
0.112815,25,17
0.112815,18,Inf
0.112815,30,19
0.112815,24,14
0.112815,28,19
0.112815,35,15
0.112815,23,19
0.112815,20,Inf
0.112815,24,15
0.112815,28,18
0.0604,30,21
0.0604,20,13
0.0604,35,16
0.0604,20,Inf
0.0604,35,31
0.0604,37,20
0.0604,28,13
0.0604,25,19
0.0604,37,16
0.0604,20,12
0.0604,40,17
0.0604,29,16
0.0604,40,20
0.0604,32,29
0.0604,40,15
0.065883,20,18
0.065883,30,19
0.065883,22,18
0.685395,29,25
0.685395,31,26
0.685395,37,17
0.685395,32,26
0.685395,24,Inf
0.685395,30,Inf
0.685395,25,Inf
0.685395,33,21
0.685395,25,24
0.685395,21,Inf
