year,ages,parity,percentage
1986,15-19,0,16.330690826727068
1986,15-19,1,4.530011325028313
1986,15-19,2,1.1098527746319367
1986,15-19,3,0.09060022650056625
1986,15-19,4,0.022650056625141562
1986,15-19,5,0.0
1986,15-19,6,0.0
1986,15-19,7,0.0
1986,15-19,8,0.0
1986,15-19,9,0.0
1986,15-19,10,0.0
1986,15-19,11,0.0
1986,15-19,12,0.0
1986,15-19,13,0.0
1986,15-19,14,0.0
1986,15-19,15,0.0
1986,15-19,16,0.0
1986,15-19,17,0.0
1986,20-24,0,5.345413363533409
1986,20-24,1,4.64326160815402
1986,20-24,2,5.413363533408833
1986,20-24,3,3.5560588901472254
1986,20-24,4,1.0419026047565119
1986,20-24,5,0.20385050962627407
1986,20-24,6,0.06795016987542468
1986,20-24,7,0.0
1986,20-24,8,0.0
1986,20-24,9,0.0
1986,20-24,10,0.0
1986,20-24,11,0.0
1986,20-24,12,0.0
1986,20-24,13,0.0
1986,20-24,14,0.0
1986,20-24,15,0.0
1986,20-24,16,0.0
1986,20-24,17,0.0
1986,25-29,0,1.7893544733861833
1986,25-29,1,2.1291053227633068
1986,25-29,2,2.6500566251415627
1986,25-29,3,4.2129105322763305
1986,25-29,4,4.394110985277464
1986,25-29,5,2.5594563986409966
1986,25-29,6,0.7701019252548131
1986,25-29,7,0.3171007927519819
1986,25-29,8,0.13590033975084936
1986,25-29,9,0.022650056625141562
1986,25-29,10,0.0
1986,25-29,11,0.0
1986,25-29,12,0.0
1986,25-29,13,0.0
1986,25-29,14,0.0
1986,25-29,15,0.0
1986,25-29,16,0.0
1986,25-29,17,0.0
1986,30-34,0,0.8154020385050963
1986,30-34,1,0.7701019252548131
1986,30-34,2,0.9966024915062288
1986,30-34,3,1.3363533408833523
1986,30-34,4,2.1291053227633068
1986,30-34,5,2.7180067950169877
1986,30-34,6,3.1936579841449606
1986,30-34,7,1.5628539071347678
1986,30-34,8,0.7701019252548131
1986,30-34,9,0.40770101925254815
1986,30-34,10,0.13590033975084936
1986,30-34,11,0.022650056625141562
1986,30-34,12,0.0
1986,30-34,13,0.0
1986,30-34,14,0.0
1986,30-34,15,0.0
1986,30-34,16,0.0
1986,30-34,17,0.0
1986,35-39,0,0.362400906002265
1986,35-39,1,0.2718006795016987
1986,35-39,2,0.6115515288788221
1986,35-39,3,0.40770101925254815
1986,35-39,4,1.245753114382786
1986,35-39,5,1.0645526613816534
1986,35-39,6,1.766704416761042
1986,35-39,7,1.3590033975084939
1986,35-39,8,1.7440543601359004
1986,35-39,9,1.0645526613816534
1986,35-39,10,0.5209513023782559
1986,35-39,11,0.3171007927519819
1986,35-39,12,0.06795016987542468
1986,35-39,13,0.06795016987542468
1986,35-39,14,0.0
1986,35-39,15,0.0
1986,35-39,16,0.0
1986,35-39,17,0.0
1986,40-44,0,0.2718006795016987
1986,40-44,1,0.2718006795016987
1986,40-44,2,0.2718006795016987
1986,40-44,3,0.2718006795016987
1986,40-44,4,0.4530011325028313
1986,40-44,5,0.5436013590033975
1986,40-44,6,0.6795016987542469
1986,40-44,7,0.6342015855039638
1986,40-44,8,1.0645526613816534
1986,40-44,9,0.9060022650056626
1986,40-44,10,0.883352208380521
1986,40-44,11,0.362400906002265
1986,40-44,12,0.13590033975084936
1986,40-44,13,0.045300113250283124
1986,40-44,14,0.0
1986,40-44,15,0.0
1986,40-44,16,0.0
1986,40-44,17,0.0
1986,45-49,0,0.3171007927519819
1986,45-49,1,0.22650056625141565
1986,45-49,2,0.2718006795016987
1986,45-49,3,0.13590033975084936
1986,45-49,4,0.1812004530011325
1986,45-49,5,0.3171007927519819
1986,45-49,6,0.4983012457531144
1986,45-49,7,0.7701019252548131
1986,45-49,8,0.928652321630804
1986,45-49,9,0.9060022650056626
1986,45-49,10,0.7927519818799547
1986,45-49,11,0.40770101925254815
1986,45-49,12,0.2491506228765572
1986,45-49,13,0.13590033975084936
1986,45-49,14,0.0
1986,45-49,15,0.0
1986,45-49,16,0.0
1986,45-49,17,0.0
1992-93,15-19,0,18.050713153724246
1992-93,15-19,1,3.2963549920760697
1992-93,15-19,2,1.0618066561014263
1992-93,15-19,3,0.17432646592709986
1992-93,15-19,4,0.01584786053882726
1992-93,15-19,5,0.0
1992-93,15-19,6,0.0
1992-93,15-19,7,0.0
1992-93,15-19,8,0.0
1992-93,15-19,9,0.0
1992-93,15-19,10,0.0
1992-93,15-19,11,0.0
1992-93,15-19,12,0.0
1992-93,15-19,13,0.0
1992-93,15-19,14,0.0
1992-93,15-19,15,0.0
1992-93,15-19,16,0.0
1992-93,15-19,17,0.0
1992-93,20-24,0,6.24405705229794
1992-93,20-24,1,4.500792393026941
1992-93,20-24,2,4.199683042789223
1992-93,20-24,3,2.5515055467511885
1992-93,20-24,4,1.0776545166402536
1992-93,20-24,5,0.3486529318541997
1992-93,20-24,6,0.06339144215530904
1992-93,20-24,7,0.0
1992-93,20-24,8,0.0
1992-93,20-24,9,0.0
1992-93,20-24,10,0.0
1992-93,20-24,11,0.0
1992-93,20-24,12,0.0
1992-93,20-24,13,0.0
1992-93,20-24,14,0.0
1992-93,20-24,15,0.0
1992-93,20-24,16,0.0
1992-93,20-24,17,0.0
1992-93,25-29,0,2.202852614896989
1992-93,25-29,1,1.7908082408874801
1992-93,25-29,2,2.757527733755943
1992-93,25-29,3,2.9635499207606975
1992-93,25-29,4,3.4231378763866878
1992-93,25-29,5,2.028526148969889
1992-93,25-29,6,0.9825673534072901
1992-93,25-29,7,0.28526148969889065
1992-93,25-29,8,0.06339144215530904
1992-93,25-29,9,0.01584786053882726
1992-93,25-29,10,0.0
1992-93,25-29,11,0.0
1992-93,25-29,12,0.0
1992-93,25-29,13,0.0
1992-93,25-29,14,0.0
1992-93,25-29,15,0.0
1992-93,25-29,16,0.0
1992-93,25-29,17,0.0
1992-93,30-34,0,0.8082408874801902
1992-93,30-34,1,0.6497622820919177
1992-93,30-34,2,1.2202852614896988
1992-93,30-34,3,1.4580031695721078
1992-93,30-34,4,1.8066561014263076
1992-93,30-34,5,2.5039619651347067
1992-93,30-34,6,2.757527733755943
1992-93,30-34,7,1.473851030110935
1992-93,30-34,8,0.7290015847860539
1992-93,30-34,9,0.42789223454833597
1992-93,30-34,10,0.14263074484944532
1992-93,30-34,11,0.0
1992-93,30-34,12,0.01584786053882726
1992-93,30-34,13,0.0
1992-93,30-34,14,0.0
1992-93,30-34,15,0.0
1992-93,30-34,16,0.0
1992-93,30-34,17,0.0
1992-93,35-39,0,0.42789223454833597
1992-93,35-39,1,0.4754358161648178
1992-93,35-39,2,0.9033280507131538
1992-93,35-39,3,0.8082408874801902
1992-93,35-39,4,0.8874801901743266
1992-93,35-39,5,1.4896988906497624
1992-93,35-39,6,1.9651347068145801
1992-93,35-39,7,2.13946117274168
1992-93,35-39,8,1.7274167987321711
1992-93,35-39,9,1.0776545166402536
1992-93,35-39,10,0.4754358161648178
1992-93,35-39,11,0.22187004754358164
1992-93,35-39,12,0.06339144215530904
1992-93,35-39,13,0.03169572107765452
1992-93,35-39,14,0.0
1992-93,35-39,15,0.0
1992-93,35-39,16,0.0
1992-93,35-39,17,0.0
1992-93,40-44,0,0.2694136291600634
1992-93,40-44,1,0.28526148969889065
1992-93,40-44,2,0.4120443740095087
1992-93,40-44,3,0.42789223454833597
1992-93,40-44,4,0.4437400950871633
1992-93,40-44,5,0.7131537242472267
1992-93,40-44,6,0.9350237717908083
1992-93,40-44,7,1.283676703645008
1992-93,40-44,8,1.410459587955626
1992-93,40-44,9,1.2995245641838353
1992-93,40-44,10,1.0142630744849446
1992-93,40-44,11,0.5229793977812995
1992-93,40-44,12,0.20602218700475436
1992-93,40-44,13,0.07923930269413629
1992-93,40-44,14,0.01584786053882726
1992-93,40-44,15,0.01584786053882726
1992-93,40-44,16,0.0
1992-93,40-44,17,0.0
1992-93,45-49,0,0.14263074484944532
1992-93,45-49,1,0.11093502377179082
1992-93,45-49,2,0.28526148969889065
1992-93,45-49,3,0.25356576862123614
1992-93,45-49,4,0.28526148969889065
1992-93,45-49,5,0.39619651347068147
1992-93,45-49,6,0.5071315372424723
1992-93,45-49,7,0.6973058637083994
1992-93,45-49,8,0.7765451664025357
1992-93,45-49,9,0.9191759112519811
1992-93,45-49,10,0.7448494453248812
1992-93,45-49,11,0.36450079239302696
1992-93,45-49,12,0.2377179080824089
1992-93,45-49,13,0.11093502377179082
1992-93,45-49,14,0.03169572107765452
1992-93,45-49,15,0.01584786053882726
1992-93,45-49,16,0.0
1992-93,45-49,17,0.0
1997,15-19,0,18.439226426680012
1997,15-19,1,3.256310773120364
1997,15-19,2,0.742841883240744
1997,15-19,3,0.10663954218901664
1997,15-19,4,0.0
1997,15-19,5,0.0
1997,15-19,6,0.0
1997,15-19,7,0.0
1997,15-19,8,0.0
1997,15-19,9,0.0
1997,15-19,10,0.0
1997,15-19,11,0.0
1997,15-19,12,0.0
1997,15-19,13,0.0
1997,15-19,14,0.0
1997,15-19,15,0.0
1997,15-19,16,0.0
1997,15-19,17,0.0
1997,20-24,0,8.091247426980866
1997,20-24,1,4.0927779662336885
1997,20-24,2,4.060769401610521
1997,20-24,3,2.1218636008420657
1997,20-24,4,0.7522323055344546
1997,20-24,5,0.1773810400050138
1997,20-24,6,0.06702817307335149
1997,20-24,7,0.0
1997,20-24,8,0.0
1997,20-24,9,0.0
1997,20-24,10,0.0
1997,20-24,11,0.0
1997,20-24,12,0.0
1997,20-24,13,0.0
1997,20-24,14,0.0
1997,20-24,15,0.0
1997,20-24,16,0.0
1997,20-24,17,0.0
1997,25-29,0,3.1277741289726047
1997,25-29,1,2.4234641082888633
1997,25-29,2,2.952323404311141
1997,25-29,3,3.237047175136369
1997,25-29,4,2.8978332387273182
1997,25-29,5,1.5868612349727893
1997,25-29,6,0.6596985818200263
1997,25-29,7,0.20602365565121622
1997,25-29,8,0.037402233806622526
1997,25-29,9,0.0
1997,25-29,10,0.0
1997,25-29,11,0.0
1997,25-29,12,0.0
1997,25-29,13,0.0
1997,25-29,14,0.0
1997,25-29,15,0.0
1997,25-29,16,0.0
1997,25-29,17,0.0
1997,30-34,0,0.67875226476009
1997,30-34,1,0.888007446022463
1997,30-34,2,1.4105349488211243
1997,30-34,3,1.6304089010143643
1997,30-34,4,2.24814040562011
1997,30-34,5,2.247387711578286
1997,30-34,6,2.090954547432207
1997,30-34,7,1.2103714117818394
1997,30-34,8,0.516042096171126
1997,30-34,9,0.2393213509425001
1997,30-34,10,0.07502618295956826
1997,30-34,11,0.0
1997,30-34,12,0.0
1997,30-34,13,0.0
1997,30-34,14,0.0
1997,30-34,15,0.0
1997,30-34,16,0.0
1997,30-34,17,0.0
1997,35-39,0,0.3728632783841395
1997,35-39,1,0.6137696985448817
1997,35-39,2,0.8217993125036994
1997,35-39,3,0.8323744665377568
1997,35-39,4,1.1922792440138972
1997,35-39,5,1.7450938754093683
1997,35-39,6,1.972384876250155
1997,35-39,7,2.0725875164076615
1997,35-39,8,1.5268628418458008
1997,35-39,9,1.0793404118010481
1997,35-39,10,0.4618227323986061
1997,35-39,11,0.2734725548906197
1997,35-39,12,0.05824117215994489
1997,35-39,13,0.0088480855162226
1997,35-39,14,0.0
1997,35-39,15,0.0
1997,35-39,16,0.0
1997,35-39,17,0.0
1997,40-44,0,0.2128809580021639
1997,40-44,1,0.29351547323978505
1997,40-44,2,0.35336295283480196
1997,40-44,3,0.5012133520704121
1997,40-44,4,0.596883465821979
1997,40-44,5,0.7952742576305216
1997,40-44,6,0.9392876151464358
1997,40-44,7,1.174218881202994
1997,40-44,8,1.4207706754194158
1997,40-44,9,1.0723133200892534
1997,40-44,10,0.7233026655705052
1997,40-44,11,0.3708170431075256
1997,40-44,12,0.10437263893019717
1997,40-44,13,0.10823848316312797
1997,40-44,14,0.02963770465698367
1997,40-44,15,0.01675175117019907
1997,40-44,16,0.0
1997,40-44,17,0.0
1997,45-49,0,0.10199729857306573
1997,45-49,1,0.14582208552278678
1997,45-49,2,0.23268549627815666
1997,45-49,3,0.1953425200058338
1997,45-49,4,0.412636535080253
1997,45-49,5,0.24800980652981675
1997,45-49,6,0.5296601106266177
1997,45-49,7,0.6701720018861245
1997,45-49,8,0.8483018141362111
1997,45-49,9,0.8299621193151357
1997,45-49,10,0.8986294521447157
1997,45-49,11,0.48861414360427646
1997,45-49,12,0.22971492725559697
1997,45-49,13,0.0940884891975338
1997,45-49,14,0.028382846070271986
1997,45-49,15,0.016010194100158803
1997,45-49,16,0.013695286652614621
1997,45-49,17,0.0
2005,15-19,0,20.624179106075776
2005,15-19,1,2.799247339517867
2005,15-19,2,0.8152834856040252
2005,15-19,3,0.09721934631196923
2005,15-19,4,0.011478064607017023
2005,15-19,5,0.007402027092705969
2005,15-19,6,0.0
2005,15-19,7,0.0
2005,15-19,8,0.0
2005,15-19,9,0.0
2005,15-19,10,0.0
2005,15-19,11,0.0
2005,15-19,12,0.0
2005,15-19,13,0.0
2005,15-19,14,0.0
2005,15-19,15,0.0
2005,15-19,16,0.0
2005,15-19,17,0.0
2005,20-24,0,8.811050700795391
2005,20-24,1,4.441510229050812
2005,20-24,2,3.756396479996643
2005,20-24,3,1.6886780379742543
2005,20-24,4,0.5712645575758786
2005,20-24,5,0.1753790638751479
2005,20-24,6,0.022966942801174634
2005,20-24,7,0.006413244737713877
2005,20-24,8,0.0
2005,20-24,9,0.0
2005,20-24,10,0.0
2005,20-24,11,0.0
2005,20-24,12,0.0
2005,20-24,13,0.0
2005,20-24,14,0.0
2005,20-24,15,0.0
2005,20-24,16,0.0
2005,20-24,17,0.0
2005,25-29,0,3.4862299969339685
2005,25-29,1,2.5403956215147945
2005,25-29,2,2.8521951957837044
2005,25-29,3,3.207731881248473
2005,25-29,4,2.3927730018615962
2005,25-29,5,1.1089698562679493
2005,25-29,6,0.47827013249223965
2005,25-29,7,0.14944210327897334
2005,25-29,8,0.05812579762493718
2005,25-29,9,0.01826812073906243
2005,25-29,10,0.0
2005,25-29,11,0.0
2005,25-29,12,0.0
2005,25-29,13,0.0
2005,25-29,14,0.0
2005,25-29,15,0.0
2005,25-29,16,0.0
2005,25-29,17,0.0
2005,30-34,0,1.3000845453427967
2005,30-34,1,1.2720885243514113
2005,30-34,2,1.8936247363126892
2005,30-34,3,1.8029270787868006
2005,30-34,4,2.0965358230984523
2005,30-34,5,1.934109519072195
2005,30-34,6,1.5025967278703174
2005,30-34,7,0.9856445108725407
2005,30-34,8,0.3940464785040088
2005,30-34,9,0.11117606451908427
2005,30-34,10,0.052050280594530554
2005,30-34,11,0.025253293977645218
2005,30-34,12,0.004948911090104624
2005,30-34,13,0.0
2005,30-34,14,0.0
2005,30-34,15,0.0
2005,30-34,16,0.0
2005,30-34,17,0.0
2005,35-39,0,0.8309210762882607
2005,35-39,1,0.7797599547098153
2005,35-39,2,0.5579032304089254
2005,35-39,3,1.1865089259769228
2005,35-39,4,1.148517363315202
2005,35-39,5,1.5516324282812959
2005,35-39,6,1.7637231137188518
2005,35-39,7,1.351400522419927
2005,35-39,8,0.929260954030213
2005,35-39,9,0.5441051890948106
2005,35-39,10,0.32059317785293534
2005,35-39,11,0.05730287611032376
2005,35-39,12,0.022016970198130432
2005,35-39,13,0.0
2005,35-39,14,0.0
2005,35-39,15,0.0
2005,35-39,16,0.0
2005,35-39,17,0.0
2005,40-44,0,0.3159596824581658
2005,40-44,1,0.33260464884070357
2005,40-44,2,0.5286155849872192
2005,40-44,3,0.6273869995033892
2005,40-44,4,0.7767870332030056
2005,40-44,5,0.939510365032595
2005,40-44,6,1.006446127013995
2005,40-44,7,1.2574738551810631
2005,40-44,8,1.0061985718854594
2005,40-44,9,0.8240108379898251
2005,40-44,10,0.50224821075064
2005,40-44,11,0.23685506009085616
2005,40-44,12,0.13691035424898995
2005,40-44,13,0.048350547694659705
2005,40-44,14,0.010938391961393318
2005,40-44,15,0.0
2005,40-44,16,0.0
2005,40-44,17,0.0
2005,45-49,0,0.2098892404380133
2005,45-49,1,0.2516471638585605
2005,45-49,2,0.27052333143831414
2005,45-49,3,0.3449339666976099
2005,45-49,4,0.41745357333755384
2005,45-49,5,0.596354805396055
2005,45-49,6,0.7226684537528127
2005,45-49,7,0.8093355401386945
2005,45-49,8,1.1170436338033618
2005,45-49,9,0.7178589482230842
2005,45-49,10,0.5982560517937563
2005,45-49,11,0.5436332058065635
2005,45-49,12,0.2578361516459857
2005,45-49,13,0.030392199588358676
2005,45-49,14,0.022274852679046213
2005,45-49,15,0.0
2005,45-49,16,0.0
2005,45-49,17,0.0
2010-11,15-19,0,18.46152453781432
2010-11,15-19,1,2.501554363365022
2010-11,15-19,2,0.7595778611402358
2010-11,15-19,3,0.0989188359332319
2010-11,15-19,4,0.03491715957015387
2010-11,15-19,5,0.0
2010-11,15-19,6,0.0
2010-11,15-19,7,0.0
2010-11,15-19,8,0.0
2010-11,15-19,9,0.0
2010-11,15-19,10,0.0
2010-11,15-19,11,0.0
2010-11,15-19,12,0.0
2010-11,15-19,13,0.0
2010-11,15-19,14,0.0
2010-11,15-19,15,0.0
2010-11,15-19,16,0.0
2010-11,15-19,17,0.0
2010-11,20-24,0,9.514816752882362
2010-11,20-24,1,5.030348107115208
2010-11,20-24,2,3.4000456741075427
2010-11,20-24,3,1.7178037396329509
2010-11,20-24,4,0.5384407056201954
2010-11,20-24,5,0.2389812847692093
2010-11,20-24,6,0.07667763249255004
2010-11,20-24,7,0.005639578014587456
2010-11,20-24,8,0.0
2010-11,20-24,9,0.0
2010-11,20-24,10,0.0
2010-11,20-24,11,0.0
2010-11,20-24,12,0.0
2010-11,20-24,13,0.0
2010-11,20-24,14,0.0
2010-11,20-24,15,0.0
2010-11,20-24,16,0.0
2010-11,20-24,17,0.0
2010-11,25-29,0,3.7091103091233366
2010-11,25-29,1,3.23363656543606
2010-11,25-29,2,3.181301545101687
2010-11,25-29,3,3.209436616459759
2010-11,25-29,4,2.1976632622542325
2010-11,25-29,5,1.2890731371435245
2010-11,25-29,6,0.516522245677338
2010-11,25-29,7,0.1127407125100667
2010-11,25-29,8,0.029497743462489984
2010-11,25-29,9,0.024710109608012995
2010-11,25-29,10,0.0
2010-11,25-29,11,0.0
2010-11,25-29,12,0.0
2010-11,25-29,13,0.0
2010-11,25-29,14,0.0
2010-11,25-29,15,0.0
2010-11,25-29,16,0.0
2010-11,25-29,17,0.0
2010-11,30-34,0,1.6206201726930276
2010-11,30-34,1,1.383884343046035
2010-11,30-34,2,1.8950437955121218
2010-11,30-34,3,1.9048982702579635
2010-11,30-34,4,1.906419802637559
2010-11,30-34,5,2.153466411211381
2010-11,30-34,6,1.5726776306807193
2010-11,30-34,7,0.8429566919928496
2010-11,30-34,8,0.26980004429333243
2010-11,30-34,9,0.11533199884043166
2010-11,30-34,10,0.02156242348229946
2010-11,30-34,11,0.007319091016122977
2010-11,30-34,12,0.0
2010-11,30-34,13,0.0
2010-11,30-34,14,0.0
2010-11,30-34,15,0.0
2010-11,30-34,16,0.0
2010-11,30-34,17,0.0
2010-11,35-39,0,0.7158443833757622
2010-11,35-39,1,0.8935220029973918
2010-11,35-39,2,1.0743857075208232
2010-11,35-39,3,1.2774409851943282
2010-11,35-39,4,1.568104581221699
2010-11,35-39,5,1.5846993670251601
2010-11,35-39,6,1.5609889004552022
2010-11,35-39,7,1.1762200011251798
2010-11,35-39,8,0.9357928022832698
2010-11,35-39,9,0.43016368509860337
2010-11,35-39,10,0.20320263871361233
2010-11,35-39,11,0.14956837692237385
2010-11,35-39,12,0.013464539759317551
2010-11,35-39,13,0.0
2010-11,35-39,14,0.0
2010-11,35-39,15,0.0
2010-11,35-39,16,0.0
2010-11,35-39,17,0.0
2010-11,40-44,0,0.525700101352097
2010-11,40-44,1,0.5028123272849673
2010-11,40-44,2,0.5899070301371601
2010-11,40-44,3,0.7412435036917627
2010-11,40-44,4,0.8198245018117882
2010-11,40-44,5,1.146050687036272
2010-11,40-44,6,1.0807756297466382
2010-11,40-44,7,1.0034547348887277
2010-11,40-44,8,0.8840155904642851
2010-11,40-44,9,0.7607800029031859
2010-11,40-44,10,0.4333729087051195
2010-11,40-44,11,0.20485047782431418
2010-11,40-44,12,0.08687174262808751
2010-11,40-44,13,0.009571525995546979
2010-11,40-44,14,0.0
2010-11,40-44,15,0.0
2010-11,40-44,16,0.0
2010-11,40-44,17,0.0
2010-11,45-49,0,0.28846872734058476
2010-11,45-49,1,0.2852221630915846
2010-11,45-49,2,0.33455357557645854
2010-11,45-49,3,0.4141321833332158
2010-11,45-49,4,0.5535108420119387
2010-11,45-49,5,0.5286452823786167
2010-11,45-49,6,0.6795955817878432
2010-11,45-49,7,0.8693683314305203
2010-11,45-49,8,0.70813092724028
2010-11,45-49,9,0.5568272622017009
2010-11,45-49,10,0.5254809019642952
2010-11,45-49,11,0.1812563422078104
2010-11,45-49,12,0.09636147362118383
2010-11,45-49,13,0.01305374807190074
2010-11,45-49,14,0.008471424008098097
2010-11,45-49,15,0.004428193518349332
2010-11,45-49,16,0.0
2010-11,45-49,17,0.0029451491550256353
2012-13,15-19,0,20.462105266389045
2012-13,15-19,1,2.456354970099873
2012-13,15-19,2,0.37817466993294135
2012-13,15-19,3,0.03914748785645217
2012-13,15-19,4,0.0
2012-13,15-19,5,0.0
2012-13,15-19,6,0.0
2012-13,15-19,7,0.0
2012-13,15-19,8,0.0
2012-13,15-19,9,0.0
2012-13,15-19,10,0.0
2012-13,15-19,11,0.0
2012-13,15-19,12,0.0
2012-13,15-19,13,0.0
2012-13,15-19,14,0.0
2012-13,15-19,15,0.0
2012-13,15-19,16,0.0
2012-13,15-19,17,0.0
2012-13,20-24,0,9.950287587249615
2012-13,20-24,1,4.70795171569496
2012-13,20-24,2,3.8222818087909816
2012-13,20-24,3,1.7002077029559064
2012-13,20-24,4,0.35829674003437617
2012-13,20-24,5,0.0826544940745413
2012-13,20-24,6,0.0
2012-13,20-24,7,0.0
2012-13,20-24,8,0.0
2012-13,20-24,9,0.0
2012-13,20-24,10,0.0
2012-13,20-24,11,0.0
2012-13,20-24,12,0.0
2012-13,20-24,13,0.0
2012-13,20-24,14,0.0
2012-13,20-24,15,0.0
2012-13,20-24,16,0.0
2012-13,20-24,17,0.0
2012-13,25-29,0,3.8237830941310316
2012-13,25-29,1,3.011514543134368
2012-13,25-29,2,3.3940552274920375
2012-13,25-29,3,3.587699961786556
2012-13,25-29,4,2.3680695356897994
2012-13,25-29,5,1.0838181266767224
2012-13,25-29,6,0.43300842481752017
2012-13,25-29,7,0.0868045288757982
2012-13,25-29,8,0.018921155914621516
2012-13,25-29,9,0.0
2012-13,25-29,10,0.0
2012-13,25-29,11,0.0
2012-13,25-29,12,0.0
2012-13,25-29,13,0.0
2012-13,25-29,14,0.0
2012-13,25-29,15,0.0
2012-13,25-29,16,0.0
2012-13,25-29,17,0.0
2012-13,30-34,0,1.5133985292097276
2012-13,30-34,1,1.1954097564380128
2012-13,30-34,2,1.5848581528041243
2012-13,30-34,3,2.4107275377264132
2012-13,30-34,4,2.2679178319936586
2012-13,30-34,5,2.097551386611768
2012-13,30-34,6,1.2976302999061566
2012-13,30-34,7,0.6969778127957496
2012-13,30-34,8,0.18977767772821627
2012-13,30-34,9,0.04787490809073795
2012-13,30-34,10,0.0233224065603561
2012-13,30-34,11,0.0
2012-13,30-34,12,0.0
2012-13,30-34,13,0.0
2012-13,30-34,14,0.0
2012-13,30-34,15,0.0
2012-13,30-34,16,0.0
2012-13,30-34,17,0.0
2012-13,35-39,0,0.6474427263565304
2012-13,35-39,1,0.41315275059321566
2012-13,35-39,2,0.9700683912782492
2012-13,35-39,3,1.335104814138343
2012-13,35-39,4,1.4487334749634189
2012-13,35-39,5,1.4015363806856491
2012-13,35-39,6,1.4731782530090725
2012-13,35-39,7,1.212166229596315
2012-13,35-39,8,0.9552745165749145
2012-13,35-39,9,0.3862908349472093
2012-13,35-39,10,0.22697089274353716
2012-13,35-39,11,0.05978664981844038
2012-13,35-39,12,0.0
2012-13,35-39,13,0.0
2012-13,35-39,14,0.0
2012-13,35-39,15,0.0
2012-13,35-39,16,0.0
2012-13,35-39,17,0.0
2012-13,40-44,0,0.30362501618514093
2012-13,40-44,1,0.3447489399215043
2012-13,40-44,2,0.4681206300745487
2012-13,40-44,3,0.4596624664446252
2012-13,40-44,4,0.7326413381167225
2012-13,40-44,5,0.6612748363393937
2012-13,40-44,6,1.015549216423917
2012-13,40-44,7,1.2553647365044904
2012-13,40-44,8,0.9598822864456437
2012-13,40-44,9,0.6638830346188834
2012-13,40-44,10,0.534324892310857
2012-13,40-44,11,0.17153446300034908
2012-13,40-44,12,0.05341034124557141
2012-13,40-44,13,0.008182735186653347
2012-13,40-44,14,0.0
2012-13,40-44,15,0.005029145513990049
2012-13,40-44,16,0.0
2012-13,40-44,17,0.0
2012-13,45-49,0,0.27770035159550094
2012-13,45-49,1,0.23355492480265114
2012-13,45-49,2,0.3782252141671495
2012-13,45-49,3,0.4839923649146595
2012-13,45-49,4,0.5763629429716935
2012-13,45-49,5,0.6671814251274626
2012-13,45-49,6,0.8210378772065726
2012-13,45-49,7,0.6066670309719061
2012-13,45-49,8,0.7856904009871981
2012-13,45-49,9,0.9368117094398255
2012-13,45-49,10,0.5516242904426566
2012-13,45-49,11,0.25290582829211017
2012-13,45-49,12,0.12811873746914712
2012-13,45-49,13,0.04260356711221252
2012-13,45-49,14,0.0
2012-13,45-49,15,0.0
2012-13,45-49,16,0.0
2012-13,45-49,17,0.0
2014,15-19,0,18.44245474666958
2014,15-19,1,2.6000241695338433
2014,15-19,2,0.4038542005796792
2014,15-19,3,0.02568144480054136
2014,15-19,4,0.0
2014,15-19,5,0.0
2014,15-19,6,0.0
2014,15-19,7,0.0
2014,15-19,8,0.0
2014,15-19,9,0.0
2014,15-19,10,0.0
2014,15-19,11,0.0
2014,15-19,12,0.0
2014,15-19,13,0.0
2014,15-19,14,0.0
2014,15-19,15,0.0
2014,15-19,16,0.0
2014,15-19,17,0.0
2014,20-24,0,9.899932709294406
2014,20-24,1,4.084777491923299
2014,20-24,2,3.3229078285335243
2014,20-24,3,1.5913687458570667
2014,20-24,4,0.5094964619205964
2014,20-24,5,0.09175922624734867
2014,20-24,6,0.03947952466184446
2014,20-24,7,0.009369804578808155
2014,20-24,8,0.0
2014,20-24,9,0.0
2014,20-24,10,0.0
2014,20-24,11,0.0
2014,20-24,12,0.0
2014,20-24,13,0.0
2014,20-24,14,0.0
2014,20-24,15,0.0
2014,20-24,16,0.0
2014,20-24,17,0.0
2014,25-29,0,3.8203854401215875
2014,25-29,1,3.0375148221093897
2014,25-29,2,3.065917638300999
2014,25-29,3,3.5700404078646857
2014,25-29,4,2.5109153085501377
2014,25-29,5,1.2508104581596857
2014,25-29,6,0.4426686568991834
2014,25-29,7,0.05067324538653253
2014,25-29,8,0.01075289838025934
2014,25-29,9,0.0
2014,25-29,10,0.0
2014,25-29,11,0.0
2014,25-29,12,0.0
2014,25-29,13,0.0
2014,25-29,14,0.0
2014,25-29,15,0.0
2014,25-29,16,0.0
2014,25-29,17,0.0
2014,30-34,0,1.6471221868946153
2014,30-34,1,1.9404249955180697
2014,30-34,2,2.325287195324431
2014,30-34,3,2.2138307845036707
2014,30-34,4,2.196348338419772
2014,30-34,5,2.020279084912544
2014,30-34,6,1.1924988643953047
2014,30-34,7,0.4581272693033908
2014,30-34,8,0.28897125813043356
2014,30-34,9,0.11816845145531821
2014,30-34,10,0.029763054196278546
2014,30-34,11,0.016966211391427725
2014,30-34,12,0.0
2014,30-34,13,0.0
2014,30-34,14,0.0
2014,30-34,15,0.0
2014,30-34,16,0.0
2014,30-34,17,0.0
2014,35-39,0,0.7883369941594597
2014,35-39,1,0.9569711745041362
2014,35-39,2,1.3414919039940396
2014,35-39,3,1.5331817986545173
2014,35-39,4,1.5521229629520028
2014,35-39,5,1.3421344935424313
2014,35-39,6,1.4193140777105797
2014,35-39,7,1.100663495356924
2014,35-39,8,0.7092834820632976
2014,35-39,9,0.321118631403277
2014,35-39,10,0.1018572353617727
2014,35-39,11,0.06250040155956105
2014,35-39,12,0.0
2014,35-39,13,0.0
2014,35-39,14,0.0
2014,35-39,15,0.0
2014,35-39,16,0.0
2014,35-39,17,0.0
2014,40-44,0,0.6815454161178878
2014,40-44,1,0.5947091282146244
2014,40-44,2,0.48893182917127676
2014,40-44,3,0.883162961737394
2014,40-44,4,0.8891132328028141
2014,40-44,5,1.1412815450133138
2014,40-44,6,1.0055574146736865
2014,40-44,7,1.1150530455386618
2014,40-44,8,0.7625616403093569
2014,40-44,9,0.5924340574904098
2014,40-44,10,0.4137688095969356
2014,40-44,11,0.10199464111325124
2014,40-44,12,0.12854498319434174
2014,40-44,13,0.007078251761965597
2014,40-44,14,0.020792719463597682
2014,40-44,15,0.0
2014,40-44,16,0.0
2014,40-44,17,0.0
2014,45-49,0,0.19702463791214964
2014,45-49,1,0.28869768366802395
2014,45-49,2,0.35003238068501075
2014,45-49,3,0.5669733596302313
2014,45-49,4,0.6816373459025732
2014,45-49,5,0.7641445691752494
2014,45-49,6,0.8964111947473504
2014,45-49,7,0.6881879232923386
2014,45-49,8,0.8991838738677924
2014,45-49,9,0.61308181936452
2014,45-49,10,0.3055504761132557
2014,45-49,11,0.2523310124958396
2014,45-49,12,0.1854175571431869
2014,45-49,13,0.011115575106103044
2014,45-49,14,0.016131338616603524
2014,45-49,15,0.0
2014,45-49,16,0.0
2014,45-49,17,0.0
2015,15-19,0,19.742525854210193
2015,15-19,1,2.5186618411443953
2015,15-19,2,0.3660217513206758
2015,15-19,3,0.0
2015,15-19,4,0.0
2015,15-19,5,0.0
2015,15-19,6,0.0
2015,15-19,7,0.0
2015,15-19,8,0.0
2015,15-19,9,0.0
2015,15-19,10,0.0
2015,15-19,11,0.0
2015,15-19,12,0.0
2015,15-19,13,0.0
2015,15-19,14,0.0
2015,15-19,15,0.0
2015,15-19,16,0.0
2015,15-19,17,0.0
2015,20-24,0,9.208210926564957
2015,20-24,1,4.430348756416751
2015,20-24,2,3.179118993708089
2015,20-24,3,1.3644295678774392
2015,20-24,4,0.3405904447443751
2015,20-24,5,0.00748647592169486
2015,20-24,6,0.007114179015177645
2015,20-24,7,0.0
2015,20-24,8,0.0
2015,20-24,9,0.0
2015,20-24,10,0.0
2015,20-24,11,0.0
2015,20-24,12,0.0
2015,20-24,13,0.0
2015,20-24,14,0.0
2015,20-24,15,0.0
2015,20-24,16,0.0
2015,20-24,17,0.0
2015,25-29,0,4.195056625677072
2015,25-29,1,3.032137774834283
2015,25-29,2,3.5731298642191787
2015,25-29,3,3.799282067490122
2015,25-29,4,2.7435617000780335
2015,25-29,5,1.0412175432264164
2015,25-29,6,0.32777948584336586
2015,25-29,7,0.1271054652067811
2015,25-29,8,0.0
2015,25-29,9,0.0
2015,25-29,10,0.0
2015,25-29,11,0.0
2015,25-29,12,0.0
2015,25-29,13,0.0
2015,25-29,14,0.0
2015,25-29,15,0.0
2015,25-29,16,0.0
2015,25-29,17,0.0
2015,30-34,0,1.5206190793747913
2015,30-34,1,1.3374377258065135
2015,30-34,2,2.0308385223521497
2015,30-34,3,2.421260047114205
2015,30-34,4,2.462926140324026
2015,30-34,5,2.057426895898293
2015,30-34,6,1.4168257704175384
2015,30-34,7,0.5656199726388076
2015,30-34,8,0.1949639541167988
2015,30-34,9,0.05669205601113048
2015,30-34,10,0.02119422612383314
2015,30-34,11,0.0
2015,30-34,12,0.0
2015,30-34,13,0.0
2015,30-34,14,0.0
2015,30-34,15,0.0
2015,30-34,16,0.0
2015,30-34,17,0.0
2015,35-39,0,0.949684475750554
2015,35-39,1,0.5219339156323889
2015,35-39,2,1.1268361605020212
2015,35-39,3,1.1229427361252253
2015,35-39,4,1.6823402594751444
2015,35-39,5,1.8372327989105997
2015,35-39,6,1.5267015783789921
2015,35-39,7,1.4426354410112692
2015,35-39,8,0.6437483291097459
2015,35-39,9,0.49530999808078635
2015,35-39,10,0.2199865724192634
2015,35-39,11,0.05108479143211898
2015,35-39,12,0.015237622495613326
2015,35-39,13,0.0
2015,35-39,14,0.0
2015,35-39,15,0.0
2015,35-39,16,0.0
2015,35-39,17,0.0
2015,40-44,0,0.4989269452301186
2015,40-44,1,0.319994806336134
2015,40-44,2,0.5071262897368345
2015,40-44,3,0.5760199271923733
2015,40-44,4,0.8859142818486629
2015,40-44,5,1.1770294029783808
2015,40-44,6,1.3081267899044868
2015,40-44,7,1.073613463800643
2015,40-44,8,0.9375686586244684
2015,40-44,9,0.8321100463523026
2015,40-44,10,0.37272897068021044
2015,40-44,11,0.16013731390920125
2015,40-44,12,0.03901269817797505
2015,40-44,13,0.03127004781896618
2015,40-44,14,0.0
2015,40-44,15,0.0
2015,40-44,16,0.0
2015,40-44,17,0.0
2015,45-49,0,0.5289640024566462
2015,45-49,1,0.2977139572583646
2015,45-49,2,0.3295572397260915
2015,45-49,3,0.3575760843705305
2015,45-49,4,0.7634222839341076
2015,45-49,5,0.5467684083039231
2015,45-49,6,0.5444778762165606
2015,45-49,7,0.8175998670656907
2015,45-49,8,0.508310528776966
2015,45-49,9,0.3818263831799233
2015,45-49,10,0.3128794410143533
2015,45-49,11,0.09936724421383744
2015,45-49,12,0.055403421989928925
2015,45-49,13,0.011295231901506034
2015,45-49,14,0.0
2015,45-49,15,0.0
2015,45-49,16,0.0
2015,45-49,17,0.0
2016,15-19,0,19.767184750841356
2016,15-19,1,2.2925847747510693
2016,15-19,2,0.4440045935315577
2016,15-19,3,0.03956261825608092
2016,15-19,4,0.0
2016,15-19,5,0.0
2016,15-19,6,0.0
2016,15-19,7,0.0
2016,15-19,8,0.0
2016,15-19,9,0.0
2016,15-19,10,0.0
2016,15-19,11,0.0
2016,15-19,12,0.0
2016,15-19,13,0.0
2016,15-19,14,0.0
2016,15-19,15,0.0
2016,15-19,16,0.0
2016,15-19,17,0.0
2016,20-24,0,9.445166654029967
2016,20-24,1,4.5781403332668305
2016,20-24,2,3.06731175865126
2016,20-24,3,1.4129465298530568
2016,20-24,4,0.21821396049527636
2016,20-24,5,0.04227444011090768
2016,20-24,6,0.006560361172875236
2016,20-24,7,0.0
2016,20-24,8,0.0
2016,20-24,9,0.0
2016,20-24,10,0.0
2016,20-24,11,0.0
2016,20-24,12,0.0
2016,20-24,13,0.0
2016,20-24,14,0.0
2016,20-24,15,0.0
2016,20-24,16,0.0
2016,20-24,17,0.0
2016,25-29,0,3.5577994557063795
2016,25-29,1,3.1400922121133967
2016,25-29,2,3.342301603586084
2016,25-29,3,3.490221664559587
2016,25-29,4,2.135728785695396
2016,25-29,5,0.8799834451342881
2016,25-29,6,0.556673542304405
2016,25-29,7,0.07194978225766953
2016,25-29,8,0.017611416223973837
2016,25-29,9,0.0
2016,25-29,10,0.0
2016,25-29,11,0.0
2016,25-29,12,0.0
2016,25-29,13,0.0
2016,25-29,14,0.0
2016,25-29,15,0.0
2016,25-29,16,0.0
2016,25-29,17,0.0
2016,30-34,0,2.201883655196404
2016,30-34,1,1.7408879951498375
2016,30-34,2,1.8157396274689968
2016,30-34,3,2.55649106604383
2016,30-34,4,2.4210433799623106
2016,30-34,5,1.798622886951232
2016,30-34,6,1.2393767106135611
2016,30-34,7,0.7190563899629386
2016,30-34,8,0.2871532745267904
2016,30-34,9,0.08342840641391804
2016,30-34,10,0.006560361172875236
2016,30-34,11,0.0
2016,30-34,12,0.0
2016,30-34,13,0.0
2016,30-34,14,0.0
2016,30-34,15,0.0
2016,30-34,16,0.0
2016,30-34,17,0.0
2016,35-39,0,0.9161463114522379
2016,35-39,1,0.5266665250204883
2016,35-39,2,1.0459696318776852
2016,35-39,3,1.5759497723418205
2016,35-39,4,1.6541671464457754
2016,35-39,5,1.666925364550203
2016,35-39,6,1.5520595065159961
2016,35-39,7,1.0446245444136633
2016,35-39,8,0.8469040532489239
2016,35-39,9,0.23445762709998758
2016,35-39,10,0.11622282367118485
2016,35-39,11,0.069459528373594
2016,35-39,12,0.00796161333124445
2016,35-39,13,0.0
2016,35-39,14,0.0
2016,35-39,15,0.0
2016,35-39,16,0.0
2016,35-39,17,0.0
2016,40-44,0,0.6086522692352759
2016,40-44,1,0.494827189575031
2016,40-44,2,0.9489354044002595
2016,40-44,3,1.1226095891252146
2016,40-44,4,1.0286916618005093
2016,40-44,5,0.8789928303264564
2016,40-44,6,1.1421772265038421
2016,40-44,7,1.0741302644457633
2016,40-44,8,0.7807548464666473
2016,40-44,9,0.5941601875690797
2016,40-44,10,0.2927637315529907
2016,40-44,11,0.061260001893428145
2016,40-44,12,0.05017817413974278
2016,40-44,13,0.008404106294723646
2016,40-44,14,0.0
2016,40-44,15,0.0
2016,40-44,16,0.0
2016,40-44,17,0.0
2016,45-49,0,0.4209183322427099
2016,45-49,1,0.23974581677274157
2016,45-49,2,0.1821693570123411
2016,45-49,3,0.48935725144770303
2016,45-49,4,0.5568592388696482
2016,45-49,5,0.7083820636318878
2016,45-49,6,0.8238771038626426
2016,45-49,7,0.8407477868431916
2016,45-49,8,0.6864297786894258
2016,45-49,9,0.5519178625183863
2016,45-49,10,0.40019859104956734
2016,45-49,11,0.30356703701944365
2016,45-49,12,0.04558991680672727
2016,45-49,13,0.023471416405095105
2016,45-49,14,0.006160079152607072
2016,45-49,15,0.0
2016,45-49,16,0.0
2016,45-49,17,0.0
2017,15-19,0,19.40196922138166
2017,15-19,1,2.3722620516658024
2017,15-19,2,0.38471675261575855
2017,15-19,3,0.04651425526675221
2017,15-19,4,0.0
2017,15-19,5,0.0
2017,15-19,6,0.0
2017,15-19,7,0.0
2017,15-19,8,0.0
2017,15-19,9,0.0
2017,15-19,10,0.0
2017,15-19,11,0.0
2017,15-19,12,0.0
2017,15-19,13,0.0
2017,15-19,14,0.0
2017,15-19,15,0.0
2017,15-19,16,0.0
2017,15-19,17,0.0
2017,20-24,0,9.307404767552482
2017,20-24,1,4.581973986511838
2017,20-24,2,2.9007096561177255
2017,20-24,3,1.1570955131162504
2017,20-24,4,0.2997067862262502
2017,20-24,5,0.08329893403611886
2017,20-24,6,0.015938369040555733
2017,20-24,7,0.0
2017,20-24,8,0.0
2017,20-24,9,0.0
2017,20-24,10,0.0
2017,20-24,11,0.0
2017,20-24,12,0.0
2017,20-24,13,0.0
2017,20-24,14,0.0
2017,20-24,15,0.0
2017,20-24,16,0.0
2017,20-24,17,0.0
2017,25-29,0,4.029527364866138
2017,25-29,1,3.163483440466842
2017,25-29,2,3.257162579465483
2017,25-29,3,3.0300051471996396
2017,25-29,4,2.0675310442957118
2017,25-29,5,0.8128987165828984
2017,25-29,6,0.29645917794479204
2017,25-29,7,0.0477381308897476
2017,25-29,8,0.021580901975784914
2017,25-29,9,0.0
2017,25-29,10,0.0
2017,25-29,11,0.0
2017,25-29,12,0.0
2017,25-29,13,0.0
2017,25-29,14,0.0
2017,25-29,15,0.0
2017,25-29,16,0.0
2017,25-29,17,0.0
2017,30-34,0,2.0382971667721574
2017,30-34,1,1.9254416709912452
2017,30-34,2,2.0008524355786004
2017,30-34,3,2.4008538907045964
2017,30-34,4,2.5114814541478965
2017,30-34,5,2.1882358103770794
2017,30-34,6,1.3588546191935493
2017,30-34,7,0.686307180953648
2017,30-34,8,0.2057429030791992
2017,30-34,9,0.06423902450516791
2017,30-34,10,0.03830196000503564
2017,30-34,11,0.0098054804710057
2017,30-34,12,0.0
2017,30-34,13,0.0
2017,30-34,14,0.0
2017,30-34,15,0.0
2017,30-34,16,0.0
2017,30-34,17,0.0
2017,35-39,0,0.7734349944953584
2017,35-39,1,0.7882032914515888
2017,35-39,2,1.0607077602983337
2017,35-39,3,1.5964230004501558
2017,35-39,4,1.5636527912270441
2017,35-39,5,1.5832909577449088
2017,35-39,6,1.3678516466917205
2017,35-39,7,1.3154188413324883
2017,35-39,8,0.7375192202389531
2017,35-39,9,0.2447668145972564
2017,35-39,10,0.1081965811257144
2017,35-39,11,0.026049371643018838
2017,35-39,12,0.023104652503193924
2017,35-39,13,0.0
2017,35-39,14,0.0
2017,35-39,15,0.0
2017,35-39,16,0.0
2017,35-39,17,0.0
2017,40-44,0,0.5582791944935358
2017,40-44,1,0.4740248008717273
2017,40-44,2,0.6886032850911433
2017,40-44,3,1.01646818783105
2017,40-44,4,1.0556265128839342
2017,40-44,5,1.2392663182385244
2017,40-44,6,1.213051830731371
2017,40-44,7,1.0414914559374169
2017,40-44,8,0.9733074144388457
2017,40-44,9,0.6667152466394612
2017,40-44,10,0.2765227627809345
2017,40-44,11,0.17486388943174747
2017,40-44,12,0.0501362365764737
2017,40-44,13,0.016673670169405467
2017,40-44,14,0.0031422946454801952
2017,40-44,15,0.0
2017,40-44,16,0.0
2017,40-44,17,0.0
2017,45-49,0,0.3089738560201479
2017,45-49,1,0.3081194806071439
2017,45-49,2,0.30998482880079636
2017,45-49,3,0.5416372750837752
2017,45-49,4,0.6648042678981766
2017,45-49,5,0.7949158607287948
2017,45-49,6,0.9274708859872532
2017,45-49,7,0.925704030675396
2017,45-49,8,0.610571849736039
2017,45-49,9,0.5535611447931231
2017,45-49,10,0.4096326280964448
2017,45-49,11,0.17973755359636348
2017,45-49,12,0.06707917463283397
2017,45-49,13,0.038864264171249774
2017,45-49,14,0.015759480614263695
2017,45-49,15,0.0
2017,45-49,16,0.0
2017,45-49,17,0.0
